{
    "std": 3.8456298604111905, 
    "parameter": "FuelConsumptions", 
    "median": 8.079574648136273, 
    "mean": 8.735257177997527
}