{
    "std": 3.8081347429744374, 
    "parameter": "FuelConsumptions", 
    "median": 8.06713540577918, 
    "mean": 8.730467699253841
}