{
    "std": 0.83890383905739, 
    "parameter": "NumberOfCarsInPlatoons", 
    "median": 2.0, 
    "mean": 2.5397222428732107
}