{
    "std": 0.838922077489927, 
    "parameter": "NumberOfCarsInPlatoons", 
    "median": 2.0, 
    "mean": 2.5187202262496013
}