{
    "std": 0.15477211624469253, 
    "parameter": "Overheads", 
    "median": 1.412364032884831, 
    "mean": 1.4390620117664066
}