{
    "std": 0.15635469903898483, 
    "parameter": "Overheads", 
    "median": 1.4071242280717193, 
    "mean": 1.4315682395798406
}