{
    "std": 732.7796378602239, 
    "parameter": "ReportedPlatoonDurationsBeforeSplit", 
    "median": 23.0, 
    "mean": 127.18749713131685
}