{
    "std": 754.0223740282398, 
    "parameter": "ReportedPlatoonDurationsBeforeSplit", 
    "median": 24.0, 
    "mean": 132.77203133345202
}