{
    "std": 9.745826632935865, 
    "parameter": "Speeds", 
    "median": 43.46378387525845, 
    "mean": 39.967608634542614
}