{
    "std": 9.370442470336041, 
    "parameter": "Speeds", 
    "median": 43.46177354213089, 
    "mean": 40.174065844672086
}