{
    "std": 37.52214086207474, 
    "parameter": "TripDurations", 
    "median": 299.0, 
    "mean": 302.7673474409449
}