{
    "std": 37.49239903169225, 
    "parameter": "TripDurations", 
    "median": 300.0, 
    "mean": 304.20017288219316
}