{
    "averages": {
        "totalCO2EmissionAverage": 10143.242439934165, 
        "totalCOEmissionAverage": 272.91047091581277, 
        "totalFuelConsumptionAverage": 4.360138896358984, 
        "totalHCEmissionAverage": 1.5091064822279177, 
        "totalNOxEmissionAverage": 4.245945599943742, 
        "totalNoiseEmissionAverage": 79.47936980765544, 
        "totalPMXEmissionAverage": 0.29259589998655994, 
        "totalSpeedAverage": 41.6054750997092, 
        "totalTripAverage": 372.4692802808664
    }, 
    "config": {
        "nonPlatoonCarCounter": 200, 
        "platoonCarCounter": 150
    }, 
    "simTime": 2000.0, 
    "totalTrips": 1708
}