{
    "averages": {
        "totalCO2EmissionAverage": 9518.010593602274, 
        "totalCOEmissionAverage": 253.25742219452925, 
        "totalFuelConsumptionAverage": 4.091378393162419, 
        "totalHCEmissionAverage": 1.4020754820192942, 
        "totalNOxEmissionAverage": 3.994964683031903, 
        "totalNoiseEmissionAverage": 77.4338760307038, 
        "totalPMXEmissionAverage": 0.2710184318760198, 
        "totalSpeedAverage": 37.72849608641883, 
        "totalTripAverage": 433.28527418361074
    }, 
    "config": {
        "nonPlatoonCarCounter": 200, 
        "platoonCarCounter": 200
    }, 
    "simTime": 2000.0, 
    "totalTrips": 1622
}