{
    "averages": {
        "totalCO2EmissionAverage": 9219.152261379588, 
        "totalCOEmissionAverage": 246.06191794641168, 
        "totalFuelConsumptionAverage": 3.9629131081574283, 
        "totalHCEmissionAverage": 1.361250789391243, 
        "totalNOxEmissionAverage": 3.872374705981266, 
        "totalNoiseEmissionAverage": 76.60632182851425, 
        "totalPMXEmissionAverage": 0.26186565901784403, 
        "totalSpeedAverage": 36.26102821119237, 
        "totalTripAverage": 487.0332717190391
    }, 
    "config": {
        "nonPlatoonCarCounter": 200, 
        "platoonCarCounter": 250
    }, 
    "simTime": 2000.0, 
    "totalTrips": 1622
}