{
    "averages": {
        "totalCO2EmissionAverage": 9266.875682102762, 
        "totalCOEmissionAverage": 247.90959760157094, 
        "totalFuelConsumptionAverage": 3.983427678796834, 
        "totalHCEmissionAverage": 1.3710672914388515, 
        "totalNOxEmissionAverage": 3.8897856634535204, 
        "totalNoiseEmissionAverage": 76.85770407234595, 
        "totalPMXEmissionAverage": 0.26371162373037554, 
        "totalSpeedAverage": 36.74674892385523, 
        "totalTripAverage": 529.918316831683
    }, 
    "config": {
        "nonPlatoonCarCounter": 200, 
        "platoonCarCounter": 300
    }, 
    "simTime": 2000.0, 
    "totalTrips": 1615
}