{
    "averages": {
        "totalCO2EmissionAverage": 9973.336196212937, 
        "totalCOEmissionAverage": 266.4101099591867, 
        "totalFuelConsumptionAverage": 4.287102786228539, 
        "totalHCEmissionAverage": 1.4745598452824318, 
        "totalNOxEmissionAverage": 4.179792574155997, 
        "totalNoiseEmissionAverage": 78.79852225134408, 
        "totalPMXEmissionAverage": 0.2860965424329091, 
        "totalSpeedAverage": 40.26247046860534, 
        "totalTripAverage": 563.4366706875744
    }, 
    "config": {
        "nonPlatoonCarCounter": 200, 
        "platoonCarCounter": 350
    }, 
    "simTime": 2000.0, 
    "totalTrips": 1657
}