{
    "std": 4.177761205895082, 
    "parameter": "FuelConsumptions", 
    "median": 8.618181279552676, 
    "mean": 9.183805903090084
}