{
    "std": 4.169842172535732, 
    "parameter": "FuelConsumptions", 
    "median": 8.59753872600955, 
    "mean": 9.167989642509493
}