{
    "std": 1.0668009576384732, 
    "parameter": "NumberOfCarsInPlatoons", 
    "median": 3.0, 
    "mean": 2.9510277267244844
}