{
    "std": 1.0738552718926424, 
    "parameter": "NumberOfCarsInPlatoons", 
    "median": 3.0, 
    "mean": 2.974178610844551
}