{
    "std": 0.16887080792696457, 
    "parameter": "Overheads", 
    "median": 1.4352655893236284, 
    "mean": 1.462200440196441
}