{
    "std": 0.17612220935960218, 
    "parameter": "Overheads", 
    "median": 1.4361615522373823, 
    "mean": 1.4641294749579832
}