{
    "std": 563.1823430463669, 
    "parameter": "ReportedPlatoonDurationsBeforeSplit", 
    "median": 24.0, 
    "mean": 92.84856214166403
}