{
    "std": 564.3304344230601, 
    "parameter": "ReportedPlatoonDurationsBeforeSplit", 
    "median": 24.0, 
    "mean": 91.58839485521824
}