{
    "std": 11.207710462917518, 
    "parameter": "Speeds", 
    "median": 43.47704019165597, 
    "mean": 39.297450178463905
}