{
    "std": 11.122128516853738, 
    "parameter": "Speeds", 
    "median": 43.42203063087, 
    "mean": 39.22400913140566
}