{
    "std": 39.134697493181996, 
    "parameter": "TripDurations", 
    "median": 305.0, 
    "mean": 309.1815789473684
}