{
    "std": 40.808122152413056, 
    "parameter": "TripDurations", 
    "median": 305.0, 
    "mean": 309.4524528301887
}