{
    "std": 3.84183717056273, 
    "parameter": "FuelConsumptions", 
    "median": 8.088382089143886, 
    "mean": 8.743502685861918
}