{
    "std": 3.834836506819547, 
    "parameter": "FuelConsumptions", 
    "median": 8.085213786631508, 
    "mean": 8.745382982884164
}