{
    "std": 0.8378352872130788, 
    "parameter": "NumberOfCarsInPlatoons", 
    "median": 2.0, 
    "mean": 2.531181849485404
}