{
    "std": 0.8244880757541122, 
    "parameter": "NumberOfCarsInPlatoons", 
    "median": 2.0, 
    "mean": 2.5083051775231695
}