{
    "std": 0.15368841589545978, 
    "parameter": "Overheads", 
    "median": 1.4107871105961498, 
    "mean": 1.4361087242241177
}