{
    "std": 0.1534890553585605, 
    "parameter": "Overheads", 
    "median": 1.4120895025655866, 
    "mean": 1.4372024459699835
}