{
    "std": 772.3378599580834, 
    "parameter": "ReportedPlatoonDurationsBeforeSplit", 
    "median": 23.0, 
    "mean": 135.1955373646686
}