{
    "std": 781.3152318767894, 
    "parameter": "ReportedPlatoonDurationsBeforeSplit", 
    "median": 23.0, 
    "mean": 134.59953161592506
}