{
    "std": 9.612095738113728, 
    "parameter": "Speeds", 
    "median": 43.451636704743564, 
    "mean": 39.98656391788413
}