{
    "std": 9.578142121012833, 
    "parameter": "Speeds", 
    "median": 43.46157149236882, 
    "mean": 40.03786750581654
}