{
    "std": 37.28527998521391, 
    "parameter": "TripDurations", 
    "median": 300.0, 
    "mean": 303.5268022181146
}