{
    "std": 37.2137204267096, 
    "parameter": "TripDurations", 
    "median": 300.0, 
    "mean": 304.0925262507721
}