{
    "std": 4.425351977336161, 
    "parameter": "FuelConsumptions", 
    "median": 8.992250208419776, 
    "mean": 9.443511854493122
}