{
    "std": 4.430757672631502, 
    "parameter": "FuelConsumptions", 
    "median": 8.988847495442627, 
    "mean": 9.443702271639106
}