{
    "std": 1.1488702630214904, 
    "parameter": "NumberOfCarsInPlatoons", 
    "median": 3.0, 
    "mean": 3.485714659053045
}