{
    "std": 1.1457605433294937, 
    "parameter": "NumberOfCarsInPlatoons", 
    "median": 3.0, 
    "mean": 3.4708338690018015
}