{
    "std": 0.17000171752090554, 
    "parameter": "Overheads", 
    "median": 1.4561437616607198, 
    "mean": 1.4770471141687398
}