{
    "std": 0.17144565832653444, 
    "parameter": "Overheads", 
    "median": 1.457987027990959, 
    "mean": 1.4801958402507758
}