{
    "std": 460.1855762070258, 
    "parameter": "ReportedPlatoonDurationsBeforeSplit", 
    "median": 27.0, 
    "mean": 81.62824486633087
}