{
    "std": 467.19117692133824, 
    "parameter": "ReportedPlatoonDurationsBeforeSplit", 
    "median": 27.0, 
    "mean": 81.82773526303993
}