{
    "std": 12.898193768890485, 
    "parameter": "Speeds", 
    "median": 43.83429265396232, 
    "mean": 38.8274298399005
}