{
    "std": 12.870815105273843, 
    "parameter": "Speeds", 
    "median": 43.79516307603102, 
    "mean": 38.78333302734766
}