{
    "std": 39.73161017868609, 
    "parameter": "TripDurations", 
    "median": 308.0, 
    "mean": 312.420999239158
}