{
    "std": 39.298250126248426, 
    "parameter": "TripDurations", 
    "median": 308.0, 
    "mean": 311.99708491761726
}