{
    "averages": {
        "totalCO2EmissionAverage": 10730.157033502246, 
        "totalCOEmissionAverage": 282.4911547583934, 
        "totalFuelConsumptionAverage": 4.612421925458828, 
        "totalHCEmissionAverage": 1.5669140528777201, 
        "totalNOxEmissionAverage": 4.524620432048013, 
        "totalNoiseEmissionAverage": 79.26213793002523, 
        "totalPMXEmissionAverage": 0.30634672424701764, 
        "totalSpeedAverage": 40.86284716038198, 
        "totalTripAverage": 283.7667185069982
    }, 
    "config": {
        "catchupDist": 150.0, 
        "joinDistance": 100.0, 
        "lookAheadDistance": 200.0, 
        "maxPlatoonGap": 100.0, 
        "maxVehiclesInPlatoon": 15, 
        "nonPlatoonCarCounter": 200, 
        "nrOfNotTravelledEdges": 5, 
        "platoonCarCounter": 100, 
        "platoonSplitTime": 5.0, 
        "switchImpatienceFactor": 0.1
    }, 
    "nrOfPlatoonsFormed": 109, 
    "nrOfPlatoonsSplit": 69, 
    "overallPlatoonDuration": 7120, 
    "simTime": 2000.0, 
    "totalTrips": 642
}