{
    "averages": {
        "totalCO2EmissionAverage": 10761.035632485642, 
        "totalCOEmissionAverage": 283.6789301686022, 
        "totalFuelConsumptionAverage": 4.625695507007544, 
        "totalHCEmissionAverage": 1.5732106101146217, 
        "totalNOxEmissionAverage": 4.53642980552844, 
        "totalNoiseEmissionAverage": 79.33689862065799, 
        "totalPMXEmissionAverage": 0.3074802023014625, 
        "totalSpeedAverage": 41.012734932761965, 
        "totalTripAverage": 282.69585253456194
    }, 
    "config": {
        "catchupDist": 150.0, 
        "joinDistance": 100.0, 
        "lookAheadDistance": 200.0, 
        "maxPlatoonGap": 100.0, 
        "maxVehiclesInPlatoon": 2, 
        "nonPlatoonCarCounter": 200, 
        "nrOfNotTravelledEdges": 5, 
        "platoonCarCounter": 100, 
        "platoonSplitTime": 5.0, 
        "switchImpatienceFactor": 0.1
    }, 
    "nrOfPlatoonsFormed": 110, 
    "nrOfPlatoonsSplit": 95, 
    "overallPlatoonDuration": 6771, 
    "simTime": 2000.0, 
    "totalTrips": 650
}