{
    "averages": {
        "totalCO2EmissionAverage": 10277.024786654527, 
        "totalCOEmissionAverage": 267.07996202580097, 
        "totalFuelConsumptionAverage": 4.417639143522923, 
        "totalHCEmissionAverage": 1.483920929989577, 
        "totalNOxEmissionAverage": 4.3422794908251685, 
        "totalNoiseEmissionAverage": 77.81831109117117, 
        "totalPMXEmissionAverage": 0.2902414973419695, 
        "totalSpeedAverage": 38.077893533266526, 
        "totalTripAverage": 294.6891447368425
    }, 
    "config": {
        "catchupDist": 150.0, 
        "joinDistance": 100.0, 
        "lookAheadDistance": 200.0, 
        "maxPlatoonGap": 100.0, 
        "maxVehiclesInPlatoon": 20, 
        "nonPlatoonCarCounter": 200, 
        "nrOfNotTravelledEdges": 5, 
        "platoonCarCounter": 100, 
        "platoonSplitTime": 5.0, 
        "switchImpatienceFactor": 0.1
    }, 
    "nrOfPlatoonsFormed": 125, 
    "nrOfPlatoonsSplit": 149, 
    "overallPlatoonDuration": 7155, 
    "simTime": 2000.0, 
    "totalTrips": 607
}