{
    "averages": {
        "totalCO2EmissionAverage": 10889.331475495826, 
        "totalCOEmissionAverage": 285.6114667403682, 
        "totalFuelConsumptionAverage": 4.680842995422767, 
        "totalHCEmissionAverage": 1.5851199641494862, 
        "totalNOxEmissionAverage": 4.596290093895726, 
        "totalNoiseEmissionAverage": 79.28334859972189, 
        "totalPMXEmissionAverage": 0.31044905119555644, 
        "totalSpeedAverage": 40.82453176131735, 
        "totalTripAverage": 281.8295625942685
    }, 
    "config": {
        "catchupDist": 150.0, 
        "joinDistance": 100.0, 
        "lookAheadDistance": 200.0, 
        "maxPlatoonGap": 100.0, 
        "maxVehiclesInPlatoon": 25, 
        "nonPlatoonCarCounter": 200, 
        "nrOfNotTravelledEdges": 5, 
        "platoonCarCounter": 100, 
        "platoonSplitTime": 5.0, 
        "switchImpatienceFactor": 0.1
    }, 
    "nrOfPlatoonsFormed": 106, 
    "nrOfPlatoonsSplit": 60, 
    "overallPlatoonDuration": 6784, 
    "simTime": 2000.0, 
    "totalTrips": 662
}