{
    "averages": {
        "totalCO2EmissionAverage": 10749.96728066049, 
        "totalCOEmissionAverage": 281.16895695113806, 
        "totalFuelConsumptionAverage": 4.620936318197211, 
        "totalHCEmissionAverage": 1.5611069820692414, 
        "totalNOxEmissionAverage": 4.537184453417029, 
        "totalNoiseEmissionAverage": 79.08687173902133, 
        "totalPMXEmissionAverage": 0.3059088657753826, 
        "totalSpeedAverage": 40.43839326757449, 
        "totalTripAverage": 281.24620060790255
    }, 
    "config": {
        "catchupDist": 150.0, 
        "joinDistance": 100.0, 
        "lookAheadDistance": 200.0, 
        "maxPlatoonGap": 100.0, 
        "maxVehiclesInPlatoon": 30, 
        "nonPlatoonCarCounter": 200, 
        "nrOfNotTravelledEdges": 5, 
        "platoonCarCounter": 100, 
        "platoonSplitTime": 5.0, 
        "switchImpatienceFactor": 0.1
    }, 
    "nrOfPlatoonsFormed": 122, 
    "nrOfPlatoonsSplit": 94, 
    "overallPlatoonDuration": 7210, 
    "simTime": 2000.0, 
    "totalTrips": 657
}