{
    "averages": {
        "totalCO2EmissionAverage": 10838.079343080217, 
        "totalCOEmissionAverage": 282.68846186980795, 
        "totalFuelConsumptionAverage": 4.658811190646479, 
        "totalHCEmissionAverage": 1.5702350270611145, 
        "totalNOxEmissionAverage": 4.576361920736851, 
        "totalNoiseEmissionAverage": 79.0980602191454, 
        "totalPMXEmissionAverage": 0.308105765241542, 
        "totalSpeedAverage": 40.4119206682411, 
        "totalTripAverage": 284.53384615384596
    }, 
    "config": {
        "catchupDist": 150.0, 
        "joinDistance": 100.0, 
        "lookAheadDistance": 200.0, 
        "maxPlatoonGap": 100.0, 
        "maxVehiclesInPlatoon": 4, 
        "nonPlatoonCarCounter": 200, 
        "nrOfNotTravelledEdges": 5, 
        "platoonCarCounter": 100, 
        "platoonSplitTime": 5.0, 
        "switchImpatienceFactor": 0.1
    }, 
    "nrOfPlatoonsFormed": 147, 
    "nrOfPlatoonsSplit": 109, 
    "overallPlatoonDuration": 8383, 
    "simTime": 2000.0, 
    "totalTrips": 649
}