{
    "averages": {
        "totalCO2EmissionAverage": 10988.03087942238, 
        "totalCOEmissionAverage": 286.39120309224705, 
        "totalFuelConsumptionAverage": 4.723267748488615, 
        "totalHCEmissionAverage": 1.5909267787382433, 
        "totalNOxEmissionAverage": 4.646906612454757, 
        "totalNoiseEmissionAverage": 79.10317756923557, 
        "totalPMXEmissionAverage": 0.31242429423909246, 
        "totalSpeedAverage": 40.579270041387645, 
        "totalTripAverage": 297.34666666666664
    }, 
    "config": {
        "catchupDist": 400.0, 
        "joinDistance": 100.0, 
        "lookAheadDistance": 200.0, 
        "maxPlatoonGap": 50.0, 
        "maxVehiclesInPlatoon": 6, 
        "nonPlatoonCarCounter": 200, 
        "nrOfNotTravelledEdges": 5, 
        "platoonCarCounter": 100, 
        "platoonSplitTime": 5.0, 
        "switchImpatienceFactor": 0.1
    }, 
    "nrOfPlatoonsFormed": 111, 
    "nrOfPlatoonsSplit": 122, 
    "overallPlatoonDuration": 2015, 
    "simTime": 1000.0, 
    "totalTrips": 299
}