{
    "std": 4.161087378476582, 
    "parameter": "FuelConsumptions", 
    "median": 8.59309227031548, 
    "mean": 9.160264532056287
}