{
    "std": 4.157338901122427, 
    "parameter": "FuelConsumptions", 
    "median": 8.644562294256103, 
    "mean": 9.223685481448676
}