{
    "std": 1.070571817187396, 
    "parameter": "NumberOfCarsInPlatoons", 
    "median": 3.0, 
    "mean": 2.9614435245055177
}