{
    "std": 1.0733187224746579, 
    "parameter": "NumberOfCarsInPlatoons", 
    "median": 3.0, 
    "mean": 2.9611642221888204
}