{
    "std": 0.16521324148237587, 
    "parameter": "Overheads", 
    "median": 1.4402504088857955, 
    "mean": 1.4658829321986526
}