{
    "std": 0.1627805949359597, 
    "parameter": "Overheads", 
    "median": 1.427660662883929, 
    "mean": 1.4545763727556604
}