{
    "std": 583.359159511541, 
    "parameter": "ReportedPlatoonDurationsBeforeSplit", 
    "median": 24.0, 
    "mean": 94.09597248166203
}