{
    "std": 561.0482554991229, 
    "parameter": "ReportedPlatoonDurationsBeforeSplit", 
    "median": 24.0, 
    "mean": 91.93270964833184
}