{
    "std": 11.106933425785805, 
    "parameter": "Speeds", 
    "median": 43.409578530098635, 
    "mean": 39.20920869688093
}