{
    "std": 10.906030817998996, 
    "parameter": "Speeds", 
    "median": 43.482062821367286, 
    "mean": 39.52096909855988
}