{
    "std": 39.45415490343459, 
    "parameter": "TripDurations", 
    "median": 305.0, 
    "mean": 309.37375770537176
}