{
    "std": 38.370349968003644, 
    "parameter": "TripDurations", 
    "median": 303.0, 
    "mean": 307.5673173173173
}