{
    "std": 3.8330849196539702, 
    "parameter": "FuelConsumptions", 
    "median": 8.062696613237636, 
    "mean": 8.705565900014081
}