{
    "std": 3.8199876570635043, 
    "parameter": "FuelConsumptions", 
    "median": 8.05684533766744, 
    "mean": 8.7059649573977
}