{
    "std": 0.8306639007824634, 
    "parameter": "NumberOfCarsInPlatoons", 
    "median": 2.0, 
    "mean": 2.518288733594682
}