{
    "std": 0.8337093256237925, 
    "parameter": "NumberOfCarsInPlatoons", 
    "median": 2.0, 
    "mean": 2.5215874337731705
}