{
    "std": 0.16389207018934515, 
    "parameter": "Overheads", 
    "median": 1.4162873833093341, 
    "mean": 1.4445242680641142
}