{
    "std": 0.15322477459189857, 
    "parameter": "Overheads", 
    "median": 1.4117682385851404, 
    "mean": 1.4378880040698652
}