{
    "std": 794.0636047039139, 
    "parameter": "ReportedPlatoonDurationsBeforeSplit", 
    "median": 24.0, 
    "mean": 142.68130832735105
}