{
    "std": 809.9907444072647, 
    "parameter": "ReportedPlatoonDurationsBeforeSplit", 
    "median": 23.0, 
    "mean": 140.52479471535392
}