{
    "std": 9.641859697051727, 
    "parameter": "Speeds", 
    "median": 43.4501142346859, 
    "mean": 39.97106930868114
}