{
    "std": 9.766346046698072, 
    "parameter": "Speeds", 
    "median": 43.428958948105574, 
    "mean": 39.80457970379376
}