{
    "std": 37.27261299100016, 
    "parameter": "TripDurations", 
    "median": 300.0, 
    "mean": 304.1870450339297
}