{
    "std": 38.89210852850823, 
    "parameter": "TripDurations", 
    "median": 302.0, 
    "mean": 305.61759960282984
}