{
    "std": 3.8359487823441465, 
    "parameter": "FuelConsumptions", 
    "median": 8.095097471209478, 
    "mean": 8.75083908920978
}