{
    "std": 3.82845331865758, 
    "parameter": "FuelConsumptions", 
    "median": 8.071821839363377, 
    "mean": 8.72612425207232
}