{
    "std": 0.8355585305039707, 
    "parameter": "NumberOfCarsInPlatoons", 
    "median": 2.0, 
    "mean": 2.52967555245046
}