{
    "std": 0.8403484426377371, 
    "parameter": "NumberOfCarsInPlatoons", 
    "median": 2.0, 
    "mean": 2.531913725003224
}