{
    "std": 0.15639936370446209, 
    "parameter": "Overheads", 
    "median": 1.4067203852161876, 
    "mean": 1.4340214384411925
}