{
    "std": 0.16576119446645052, 
    "parameter": "Overheads", 
    "median": 1.4088492580479288, 
    "mean": 1.4369211443268823
}