{
    "std": 720.6630551056659, 
    "parameter": "ReportedPlatoonDurationsBeforeSplit", 
    "median": 23.0, 
    "mean": 123.46929648016459
}