{
    "std": 747.7028315032787, 
    "parameter": "ReportedPlatoonDurationsBeforeSplit", 
    "median": 24.0, 
    "mean": 130.4638309280193
}