{
    "std": 9.646992038400047, 
    "parameter": "Speeds", 
    "median": 43.44873299671802, 
    "mean": 40.00323563174359
}