{
    "std": 9.566906149276658, 
    "parameter": "Speeds", 
    "median": 43.46462472724728, 
    "mean": 40.0747796857386
}