{
    "std": 37.15845961559822, 
    "parameter": "TripDurations", 
    "median": 300.0, 
    "mean": 303.3274673886291
}