{
    "std": 38.7573368078705, 
    "parameter": "TripDurations", 
    "median": 300.0, 
    "mean": 303.9445542109163
}