{
    "std": 4.424647533216752, 
    "parameter": "FuelConsumptions", 
    "median": 8.999074463476546, 
    "mean": 9.452408605666319
}