{
    "std": 4.410439226103813, 
    "parameter": "FuelConsumptions", 
    "median": 9.053153043434026, 
    "mean": 9.508268442622054
}