{
    "std": 1.1450417993832158, 
    "parameter": "NumberOfCarsInPlatoons", 
    "median": 3.0, 
    "mean": 3.483907188682725
}