{
    "std": 1.1459250093814706, 
    "parameter": "NumberOfCarsInPlatoons", 
    "median": 3.0, 
    "mean": 3.48362888115087
}