{
    "std": 0.1730354281066591, 
    "parameter": "Overheads", 
    "median": 1.4414894333590447, 
    "mean": 1.4665990553030048
}