{
    "std": 0.18770153953708363, 
    "parameter": "Overheads", 
    "median": 1.4457447148032458, 
    "mean": 1.4727066567620715
}