{
    "std": 439.03405669510425, 
    "parameter": "ReportedPlatoonDurationsBeforeSplit", 
    "median": 27.0, 
    "mean": 78.38347179010168
}