{
    "std": 423.2679543775862, 
    "parameter": "ReportedPlatoonDurationsBeforeSplit", 
    "median": 27.0, 
    "mean": 77.22320622015744
}