{
    "std": 12.878390688903604, 
    "parameter": "Speeds", 
    "median": 43.91264448998081, 
    "mean": 38.94617930202528
}