{
    "std": 12.653194634973364, 
    "parameter": "Speeds", 
    "median": 43.92891737549566, 
    "mean": 39.15269328412364
}