{
    "std": 40.57321246112331, 
    "parameter": "TripDurations", 
    "median": 305.0, 
    "mean": 310.12921914357685
}