{
    "std": 42.751322568059024, 
    "parameter": "TripDurations", 
    "median": 307.0, 
    "mean": 311.12070707070706
}