{
    "std": 4.164704324440325, 
    "parameter": "FuelConsumptions", 
    "median": 8.609968402465663, 
    "mean": 9.186152762504904
}