{
    "std": 4.158960019832506, 
    "parameter": "FuelConsumptions", 
    "median": 8.635003856685717, 
    "mean": 9.203571750858165
}