{
    "std": 1.074581407340046, 
    "parameter": "NumberOfCarsInPlatoons", 
    "median": 3.0, 
    "mean": 2.9667117403754375
}