{
    "std": 1.0731918604831672, 
    "parameter": "NumberOfCarsInPlatoons", 
    "median": 3.0, 
    "mean": 2.9633897748408677
}