{
    "std": 0.15667362862403003, 
    "parameter": "Overheads", 
    "median": 1.437103570380268, 
    "mean": 1.4607422958861853
}