{
    "std": 0.1671944191104922, 
    "parameter": "Overheads", 
    "median": 1.4392244747407337, 
    "mean": 1.462295541673045
}