{
    "std": 581.1823799289194, 
    "parameter": "ReportedPlatoonDurationsBeforeSplit", 
    "median": 24.0, 
    "mean": 96.13480442234784
}