{
    "std": 541.4495316573198, 
    "parameter": "ReportedPlatoonDurationsBeforeSplit", 
    "median": 24.0, 
    "mean": 90.82158829109636
}