{
    "std": 11.033579864574286, 
    "parameter": "Speeds", 
    "median": 43.46545829923342, 
    "mean": 39.36974570375698
}