{
    "std": 11.015760799082841, 
    "parameter": "Speeds", 
    "median": 43.422306180638586, 
    "mean": 39.28243832639652
}