{
    "std": 39.25330777665222, 
    "parameter": "TripDurations", 
    "median": 305.0, 
    "mean": 308.70118973074517
}