{
    "std": 37.43205881566862, 
    "parameter": "TripDurations", 
    "median": 305.0, 
    "mean": 308.6871550426493
}