{
    "std": 3.828194627177136, 
    "parameter": "FuelConsumptions", 
    "median": 8.072372587503082, 
    "mean": 8.72567515215697
}