{
    "std": 3.842657176961544, 
    "parameter": "FuelConsumptions", 
    "median": 8.118367241749393, 
    "mean": 8.776680269171631
}