{
    "std": 0.847076894552429, 
    "parameter": "NumberOfCarsInPlatoons", 
    "median": 2.0, 
    "mean": 2.5374606365479058
}