{
    "std": 0.8338850127260217, 
    "parameter": "NumberOfCarsInPlatoons", 
    "median": 2.0, 
    "mean": 2.533446538362274
}