{
    "std": 0.15075535005431612, 
    "parameter": "Overheads", 
    "median": 1.4083025948761208, 
    "mean": 1.4309700879722085
}