{
    "std": 0.15206779590577224, 
    "parameter": "Overheads", 
    "median": 1.411528277537628, 
    "mean": 1.4372569571343758
}