{
    "std": 719.2545586949245, 
    "parameter": "ReportedPlatoonDurationsBeforeSplit", 
    "median": 24.0, 
    "mean": 126.44642379976841
}