{
    "std": 779.8113105598204, 
    "parameter": "ReportedPlatoonDurationsBeforeSplit", 
    "median": 23.0, 
    "mean": 135.31952113795998
}