{
    "std": 9.51542573573489, 
    "parameter": "Speeds", 
    "median": 43.46412839641742, 
    "mean": 40.13237821104394
}