{
    "std": 9.564310109869616, 
    "parameter": "Speeds", 
    "median": 43.43376357569126, 
    "mean": 39.979524367343835
}