{
    "std": 36.90069833408946, 
    "parameter": "TripDurations", 
    "median": 300.0, 
    "mean": 304.1148390280005
}