{
    "std": 36.421218177515335, 
    "parameter": "TripDurations", 
    "median": 299.0, 
    "mean": 302.7657535929247
}