{
    "std": 4.152847247285805, 
    "parameter": "FuelConsumptions", 
    "median": 8.612545201820144, 
    "mean": 9.178553241772937
}