{
    "std": 4.175994173967848, 
    "parameter": "FuelConsumptions", 
    "median": 8.617839042381432, 
    "mean": 9.174610476960526
}