{
    "std": 1.0763057008519656, 
    "parameter": "NumberOfCarsInPlatoons", 
    "median": 3.0, 
    "mean": 2.9590239890237378
}