{
    "std": 1.0780999510828668, 
    "parameter": "NumberOfCarsInPlatoons", 
    "median": 3.0, 
    "mean": 2.977964325083035
}