{
    "std": 0.16819163318520916, 
    "parameter": "Overheads", 
    "median": 1.437123306292628, 
    "mean": 1.4635957408895977
}