{
    "std": 0.168846861677111, 
    "parameter": "Overheads", 
    "median": 1.437959785368739, 
    "mean": 1.4650454487163425
}