{
    "std": 566.7356597757971, 
    "parameter": "ReportedPlatoonDurationsBeforeSplit", 
    "median": 24.0, 
    "mean": 93.17871216090016
}