{
    "std": 560.2819313300407, 
    "parameter": "ReportedPlatoonDurationsBeforeSplit", 
    "median": 24.0, 
    "mean": 91.6382235641378
}