{
    "std": 11.053109718606548, 
    "parameter": "Speeds", 
    "median": 43.424179473214316, 
    "mean": 39.28057416530856
}