{
    "std": 11.214129880070754, 
    "parameter": "Speeds", 
    "median": 43.425173576860686, 
    "mean": 39.18960554436788
}