{
    "std": 39.00245577099401, 
    "parameter": "TripDurations", 
    "median": 305.0, 
    "mean": 309.15861463169784
}