{
    "std": 40.08142762535311, 
    "parameter": "TripDurations", 
    "median": 306.0, 
    "mean": 309.94879859101775
}