{
    "averages": {
        "totalCO2EmissionAverage": 9931.941889907572, 
        "totalCOEmissionAverage": 258.53372265907444, 
        "totalFuelConsumptionAverage": 4.269304324382982, 
        "totalHCEmissionAverage": 1.4358020997989105, 
        "totalNOxEmissionAverage": 4.195660373210319, 
        "totalNoiseEmissionAverage": 77.0279242666275, 
        "totalPMXEmissionAverage": 0.2797543315578183, 
        "totalSpeedAverage": 36.681597521786735, 
        "totalTripAverage": 302.6858552631581
    }, 
    "config": {
        "catchupDist": 150.0, 
        "joinDistance": 100.0, 
        "lookAheadDistance": 200.0, 
        "maxPlatoonGap": 100.0, 
        "maxVehiclesInPlatoon": 6, 
        "nonPlatoonCarCounter": 200, 
        "nrOfNotTravelledEdges": 5, 
        "platoonCarCounter": 100, 
        "platoonSplitTime": 1.0, 
        "switchImpatienceFactor": 0.1
    }, 
    "nrOfPlatoonsFormed": 169, 
    "nrOfPlatoonsSplit": 307, 
    "overallPlatoonDuration": 4690, 
    "simTime": 2000.0, 
    "totalTrips": 607
}