{
    "averages": {
        "totalCO2EmissionAverage": 9699.079166182739, 
        "totalCOEmissionAverage": 254.7106302228133, 
        "totalFuelConsumptionAverage": 4.169208686654595, 
        "totalHCEmissionAverage": 1.4124759146462162, 
        "totalNOxEmissionAverage": 4.094051332998634, 
        "totalNoiseEmissionAverage": 76.66781225490136, 
        "totalPMXEmissionAverage": 0.2737385523234852, 
        "totalSpeedAverage": 36.16841768364006, 
        "totalTripAverage": 312.48542024013744
    }, 
    "config": {
        "catchupDist": 150.0, 
        "joinDistance": 100.0, 
        "lookAheadDistance": 200.0, 
        "maxPlatoonGap": 100.0, 
        "maxVehiclesInPlatoon": 6, 
        "nonPlatoonCarCounter": 200, 
        "nrOfNotTravelledEdges": 5, 
        "platoonCarCounter": 100, 
        "platoonSplitTime": 10.0, 
        "switchImpatienceFactor": 0.1
    }, 
    "nrOfPlatoonsFormed": 140, 
    "nrOfPlatoonsSplit": 167, 
    "overallPlatoonDuration": 9790, 
    "simTime": 2000.0, 
    "totalTrips": 582
}