{
    "averages": {
        "totalCO2EmissionAverage": 10786.826115251013, 
        "totalCOEmissionAverage": 282.907378996934, 
        "totalFuelConsumptionAverage": 4.636780739508424, 
        "totalHCEmissionAverage": 1.5701364284119028, 
        "totalNOxEmissionAverage": 4.550894936054288, 
        "totalNoiseEmissionAverage": 79.21185489294581, 
        "totalPMXEmissionAverage": 0.3074493090871803, 
        "totalSpeedAverage": 40.704460246268134, 
        "totalTripAverage": 283.7153846153843
    }, 
    "config": {
        "catchupDist": 150.0, 
        "joinDistance": 100.0, 
        "lookAheadDistance": 200.0, 
        "maxPlatoonGap": 100.0, 
        "maxVehiclesInPlatoon": 6, 
        "nonPlatoonCarCounter": 200, 
        "nrOfNotTravelledEdges": 5, 
        "platoonCarCounter": 100, 
        "platoonSplitTime": 3.0, 
        "switchImpatienceFactor": 0.1
    }, 
    "nrOfPlatoonsFormed": 170, 
    "nrOfPlatoonsSplit": 137, 
    "overallPlatoonDuration": 6262, 
    "simTime": 2000.0, 
    "totalTrips": 649
}