{
    "averages": {
        "totalCO2EmissionAverage": 10656.965327102735, 
        "totalCOEmissionAverage": 278.02456616937616, 
        "totalFuelConsumptionAverage": 4.580958592488237, 
        "totalHCEmissionAverage": 1.544106261802081, 
        "totalNOxEmissionAverage": 4.501245411077579, 
        "totalNoiseEmissionAverage": 78.66781130388529, 
        "totalPMXEmissionAverage": 0.30248707839201067, 
        "totalSpeedAverage": 39.63828960487303, 
        "totalTripAverage": 288.60876369327076
    }, 
    "config": {
        "catchupDist": 150.0, 
        "joinDistance": 100.0, 
        "lookAheadDistance": 200.0, 
        "maxPlatoonGap": 100.0, 
        "maxVehiclesInPlatoon": 6, 
        "nonPlatoonCarCounter": 200, 
        "nrOfNotTravelledEdges": 5, 
        "platoonCarCounter": 100, 
        "platoonSplitTime": 4.0, 
        "switchImpatienceFactor": 0.1
    }, 
    "nrOfPlatoonsFormed": 145, 
    "nrOfPlatoonsSplit": 113, 
    "overallPlatoonDuration": 7300, 
    "simTime": 2000.0, 
    "totalTrips": 638
}