{
    "averages": {
        "totalCO2EmissionAverage": 10575.410010165115, 
        "totalCOEmissionAverage": 275.9803693876726, 
        "totalFuelConsumptionAverage": 4.54590193282385, 
        "totalHCEmissionAverage": 1.5326857825583586, 
        "totalNOxEmissionAverage": 4.464276586571377, 
        "totalNoiseEmissionAverage": 78.60903805324344, 
        "totalPMXEmissionAverage": 0.3001308749688027, 
        "totalSpeedAverage": 39.54887807710349, 
        "totalTripAverage": 287.77500000000043
    }, 
    "config": {
        "catchupDist": 150.0, 
        "joinDistance": 100.0, 
        "lookAheadDistance": 200.0, 
        "maxPlatoonGap": 100.0, 
        "maxVehiclesInPlatoon": 6, 
        "nonPlatoonCarCounter": 200, 
        "nrOfNotTravelledEdges": 5, 
        "platoonCarCounter": 100, 
        "platoonSplitTime": 5.0, 
        "switchImpatienceFactor": 0.1
    }, 
    "nrOfPlatoonsFormed": 119, 
    "nrOfPlatoonsSplit": 97, 
    "overallPlatoonDuration": 6158, 
    "simTime": 2000.0, 
    "totalTrips": 639
}