{
    "averages": {
        "totalCO2EmissionAverage": 9893.216130157316, 
        "totalCOEmissionAverage": 258.3073009929955, 
        "totalFuelConsumptionAverage": 4.252658379560727, 
        "totalHCEmissionAverage": 1.4338314097469207, 
        "totalNOxEmissionAverage": 4.17840253742194, 
        "totalNoiseEmissionAverage": 76.92782972319756, 
        "totalPMXEmissionAverage": 0.27890973758344273, 
        "totalSpeedAverage": 36.54601951092578, 
        "totalTripAverage": 306.7437185929651
    }, 
    "config": {
        "catchupDist": 150.0, 
        "joinDistance": 100.0, 
        "lookAheadDistance": 200.0, 
        "maxPlatoonGap": 100.0, 
        "maxVehiclesInPlatoon": 6, 
        "nonPlatoonCarCounter": 200, 
        "nrOfNotTravelledEdges": 5, 
        "platoonCarCounter": 100, 
        "platoonSplitTime": 7.0, 
        "switchImpatienceFactor": 0.1
    }, 
    "nrOfPlatoonsFormed": 136, 
    "nrOfPlatoonsSplit": 138, 
    "overallPlatoonDuration": 7456, 
    "simTime": 2000.0, 
    "totalTrips": 596
}