{
    "std": 328.0213963760117, 
    "parameter": "ReportedPlatoonDurationsBeforeSplit", 
    "median": 22.0, 
    "mean": 60.52684281964477
}