{
    "std": 16.817461285055177, 
    "parameter": "Speeds", 
    "median": 44.432703665156396, 
    "mean": 36.27429488761519
}