{
    "std": 3.8375619701736587, 
    "parameter": "FuelConsumptions", 
    "median": 8.058754630083877, 
    "mean": 8.712273204001399
}