{
    "std": 3.820006432881955, 
    "parameter": "FuelConsumptions", 
    "median": 8.062458682115745, 
    "mean": 8.719211556203259
}