{
    "std": 0.8218812513476466, 
    "parameter": "NumberOfCarsInPlatoons", 
    "median": 2.0, 
    "mean": 2.5067365233367247
}