{
    "std": 0.8257218498207621, 
    "parameter": "NumberOfCarsInPlatoons", 
    "median": 2.0, 
    "mean": 2.5125054911817024
}