{
    "std": 0.16039431966008982, 
    "parameter": "Overheads", 
    "median": 1.4093437365478427, 
    "mean": 1.4358985524416181
}