{
    "std": 0.15923664628210077, 
    "parameter": "Overheads", 
    "median": 1.414742997102878, 
    "mean": 1.4415442105600411
}