{
    "std": 758.64440188285, 
    "parameter": "ReportedPlatoonDurationsBeforeSplit", 
    "median": 23.0, 
    "mean": 131.07752998586218
}