{
    "std": 736.4669611475006, 
    "parameter": "ReportedPlatoonDurationsBeforeSplit", 
    "median": 23.5, 
    "mean": 129.8897181531615
}