{
    "std": 9.706618683939608, 
    "parameter": "Speeds", 
    "median": 43.437227737493814, 
    "mean": 39.908267605210426
}