{
    "std": 9.546009920487817, 
    "parameter": "Speeds", 
    "median": 43.45094093580032, 
    "mean": 40.05446796573876
}