{
    "std": 39.03457370234, 
    "parameter": "TripDurations", 
    "median": 300.0, 
    "mean": 303.9573208338473
}