{
    "std": 37.848856381598466, 
    "parameter": "TripDurations", 
    "median": 301.0, 
    "mean": 304.63321371117434
}