{
    "std": 4.413174645702878, 
    "parameter": "FuelConsumptions", 
    "median": 9.046546145153597, 
    "mean": 9.493499847127287
}