{
    "std": 4.412106884197161, 
    "parameter": "FuelConsumptions", 
    "median": 8.991943205415623, 
    "mean": 9.443705695184859
}