{
    "std": 1.1496235291667558, 
    "parameter": "NumberOfCarsInPlatoons", 
    "median": 3.0, 
    "mean": 3.4923012450931283
}