{
    "std": 1.1498932569604432, 
    "parameter": "NumberOfCarsInPlatoons", 
    "median": 3.0, 
    "mean": 3.490972132326796
}