{
    "std": 0.17645573959820796, 
    "parameter": "Overheads", 
    "median": 1.4496613528376556, 
    "mean": 1.475471512460278
}