{
    "std": 0.1738121333834703, 
    "parameter": "Overheads", 
    "median": 1.44758069789687, 
    "mean": 1.4691540109461563
}