{
    "std": 414.9198286216055, 
    "parameter": "ReportedPlatoonDurationsBeforeSplit", 
    "median": 27.0, 
    "mean": 75.47806703287955
}