{
    "std": 427.55018675615094, 
    "parameter": "ReportedPlatoonDurationsBeforeSplit", 
    "median": 27.0, 
    "mean": 77.12685077893653
}