{
    "std": 12.756866264917411, 
    "parameter": "Speeds", 
    "median": 43.89954328377265, 
    "mean": 39.05091924090231
}