{
    "std": 12.805480193808247, 
    "parameter": "Speeds", 
    "median": 43.84360993310971, 
    "mean": 38.906059423031095
}