{
    "std": 40.08563379137555, 
    "parameter": "TripDurations", 
    "median": 306.0, 
    "mean": 310.1331737432279
}