{
    "std": 40.88764762084308, 
    "parameter": "TripDurations", 
    "median": 308.0, 
    "mean": 312.2076669205382
}