{
    "std": 3.8301119685111082, 
    "parameter": "FuelConsumptions", 
    "median": 8.08924574309675, 
    "mean": 8.738511173762795
}