{
    "std": 3.827202932305919, 
    "parameter": "FuelConsumptions", 
    "median": 8.083389862151096, 
    "mean": 8.746436481126333
}