{
    "std": 0.8372681647852409, 
    "parameter": "NumberOfCarsInPlatoons", 
    "median": 2.0, 
    "mean": 2.530634846578351
}