{
    "std": 0.8499219082199533, 
    "parameter": "NumberOfCarsInPlatoons", 
    "median": 2.0, 
    "mean": 2.5432813133606422
}