{
    "std": 0.15640576540979975, 
    "parameter": "Overheads", 
    "median": 1.410463375906535, 
    "mean": 1.436684796463878
}