{
    "std": 0.1493982286982251, 
    "parameter": "Overheads", 
    "median": 1.4109225027484615, 
    "mean": 1.4349698049199835
}