{
    "std": 766.2468562294803, 
    "parameter": "ReportedPlatoonDurationsBeforeSplit", 
    "median": 24.0, 
    "mean": 133.9685584865441
}