{
    "std": 778.9724054840548, 
    "parameter": "ReportedPlatoonDurationsBeforeSplit", 
    "median": 23.0, 
    "mean": 136.60450585232772
}