{
    "std": 9.54236692654507, 
    "parameter": "Speeds", 
    "median": 43.459010171550325, 
    "mean": 40.0580210613097
}