{
    "std": 9.621314950145502, 
    "parameter": "Speeds", 
    "median": 43.44831600106321, 
    "mean": 39.97216513114837
}