{
    "std": 36.45561717902695, 
    "parameter": "TripDurations", 
    "median": 300.0, 
    "mean": 303.4130113356333
}