{
    "std": 37.51380849903257, 
    "parameter": "TripDurations", 
    "median": 300.0, 
    "mean": 303.5086983343615
}