{
    "averages": {
        "totalCO2EmissionAverage": 9556.435968225449, 
        "totalCOEmissionAverage": 250.60542377787692, 
        "totalFuelConsumptionAverage": 4.107892654609889, 
        "totalHCEmissionAverage": 1.3897080834293953, 
        "totalNOxEmissionAverage": 4.038724851119381, 
        "totalNoiseEmissionAverage": 76.07246336427863, 
        "totalPMXEmissionAverage": 0.2687296028097629, 
        "totalSpeedAverage": 35.05112464857944, 
        "totalTripAverage": 318.30419580419573
    }, 
    "config": {
        "catchupDist": 150.0, 
        "joinDistance": 100.0, 
        "lookAheadDistance": 200.0, 
        "maxPlatoonGap": 100.0, 
        "maxVehiclesInPlatoon": 6, 
        "nonPlatoonCarCounter": 200, 
        "nrOfNotTravelledEdges": 5, 
        "platoonCarCounter": 100, 
        "platoonSplitTime": 5.0, 
        "switchImpatienceFactor": 0.1
    }, 
    "nrOfPlatoonsFormed": 126, 
    "nrOfPlatoonsSplit": 127, 
    "overallPlatoonDuration": 6693, 
    "simTime": 2000.0, 
    "totalTrips": 571
}