{
    "averages": {
        "totalCO2EmissionAverage": 9801.515066274162, 
        "totalCOEmissionAverage": 255.23768598142237, 
        "totalFuelConsumptionAverage": 4.213239974962108, 
        "totalHCEmissionAverage": 1.4172245540301083, 
        "totalNOxEmissionAverage": 4.142021206157793, 
        "totalNoiseEmissionAverage": 76.49024057033722, 
        "totalPMXEmissionAverage": 0.2755394474886565, 
        "totalSpeedAverage": 35.72391281369295, 
        "totalTripAverage": 312.48167539267035
    }, 
    "config": {
        "catchupDist": 150.0, 
        "joinDistance": 100.0, 
        "lookAheadDistance": 200.0, 
        "maxPlatoonGap": 100.0, 
        "maxVehiclesInPlatoon": 6, 
        "nonPlatoonCarCounter": 200, 
        "nrOfNotTravelledEdges": 5, 
        "platoonCarCounter": 100, 
        "platoonSplitTime": 5.0, 
        "switchImpatienceFactor": 0.5
    }, 
    "nrOfPlatoonsFormed": 116, 
    "nrOfPlatoonsSplit": 156, 
    "overallPlatoonDuration": 6517, 
    "simTime": 2000.0, 
    "totalTrips": 572
}