{
    "averages": {
        "totalCO2EmissionAverage": 10092.316403844754, 
        "totalCOEmissionAverage": 260.56862750444736, 
        "totalFuelConsumptionAverage": 4.33824060028655, 
        "totalHCEmissionAverage": 1.4488845962821044, 
        "totalNOxEmissionAverage": 4.270786268224663, 
        "totalNoiseEmissionAverage": 76.87819841259206, 
        "totalPMXEmissionAverage": 0.2831770195647225, 
        "totalSpeedAverage": 36.260613844532834, 
        "totalTripAverage": 311.70994940978056
    }, 
    "config": {
        "catchupDist": 150.0, 
        "joinDistance": 100.0, 
        "lookAheadDistance": 200.0, 
        "maxPlatoonGap": 100.0, 
        "maxVehiclesInPlatoon": 6, 
        "nonPlatoonCarCounter": 200, 
        "nrOfNotTravelledEdges": 5, 
        "platoonCarCounter": 100, 
        "platoonSplitTime": 5.0, 
        "switchImpatienceFactor": 0.6
    }, 
    "nrOfPlatoonsFormed": 157, 
    "nrOfPlatoonsSplit": 188, 
    "overallPlatoonDuration": 8300, 
    "simTime": 2000.0, 
    "totalTrips": 592
}