{
    "std": 3.8356626139218006, 
    "parameter": "FuelConsumptions", 
    "median": 8.073616724757251, 
    "mean": 8.723573395975217
}