{
    "std": 3.8323294943561677, 
    "parameter": "FuelConsumptions", 
    "median": 8.057603823683863, 
    "mean": 8.705041280278508
}