{
    "std": 0.8205231839466146, 
    "parameter": "NumberOfCarsInPlatoons", 
    "median": 2.0, 
    "mean": 2.513680504831583
}