{
    "std": 0.8438307372243278, 
    "parameter": "NumberOfCarsInPlatoons", 
    "median": 2.0, 
    "mean": 2.5352561273252583
}