{
    "std": 0.1493607574603142, 
    "parameter": "Overheads", 
    "median": 1.4181628087360336, 
    "mean": 1.44213170718054
}