{
    "std": 0.1539775830167516, 
    "parameter": "Overheads", 
    "median": 1.4144424755694924, 
    "mean": 1.4405096696162871
}