{
    "std": 743.8965115011974, 
    "parameter": "ReportedPlatoonDurationsBeforeSplit", 
    "median": 23.0, 
    "mean": 129.94998195922784
}