{
    "std": 716.6802284809805, 
    "parameter": "ReportedPlatoonDurationsBeforeSplit", 
    "median": 23.0, 
    "mean": 123.48016463788423
}