{
    "std": 9.698052388816171, 
    "parameter": "Speeds", 
    "median": 43.43748241472989, 
    "mean": 39.881369464648564
}