{
    "std": 9.748481591925149, 
    "parameter": "Speeds", 
    "median": 43.42787542647915, 
    "mean": 39.852233344240865
}