{
    "std": 36.10541663631029, 
    "parameter": "TripDurations", 
    "median": 301.0, 
    "mean": 304.7781908302354
}