{
    "std": 37.71396523895718, 
    "parameter": "TripDurations", 
    "median": 300.0, 
    "mean": 304.7972019314102
}