{
    "averages": {
        "totalCO2EmissionAverage": 9848.098710602835, 
        "totalCOEmissionAverage": 256.24362077402327, 
        "totalFuelConsumptionAverage": 4.233263927041799, 
        "totalHCEmissionAverage": 1.423067399907289, 
        "totalNOxEmissionAverage": 4.1615637067841496, 
        "totalNoiseEmissionAverage": 76.761094987968, 
        "totalPMXEmissionAverage": 0.2770162769761653, 
        "totalSpeedAverage": 36.19317688419956, 
        "totalTripAverage": 306.43853820597997
    }, 
    "config": {
        "catchupDist": 150.0, 
        "joinDistance": 100.0, 
        "lookAheadDistance": 200.0, 
        "maxPlatoonGap": 100.0, 
        "maxVehiclesInPlatoon": 6, 
        "nonPlatoonCarCounter": 200, 
        "nrOfNotTravelledEdges": 10, 
        "platoonCarCounter": 100, 
        "platoonSplitTime": 5.0, 
        "switchImpatienceFactor": 0.1
    }, 
    "nrOfPlatoonsFormed": 135, 
    "nrOfPlatoonsSplit": 205, 
    "overallPlatoonDuration": 6958, 
    "simTime": 2000.0, 
    "totalTrips": 601
}