{
    "averages": {
        "totalCO2EmissionAverage": 9702.142785059754, 
        "totalCOEmissionAverage": 253.18861283479256, 
        "totalFuelConsumptionAverage": 4.170524558515058, 
        "totalHCEmissionAverage": 1.4052836355527858, 
        "totalNOxEmissionAverage": 4.1009235703807, 
        "totalNoiseEmissionAverage": 76.42899904081916, 
        "totalPMXEmissionAverage": 0.27276178890866376, 
        "totalSpeedAverage": 35.63227384469733, 
        "totalTripAverage": 314.4725085910651
    }, 
    "config": {
        "catchupDist": 150.0, 
        "joinDistance": 100.0, 
        "lookAheadDistance": 200.0, 
        "maxPlatoonGap": 100.0, 
        "maxVehiclesInPlatoon": 6, 
        "nonPlatoonCarCounter": 200, 
        "nrOfNotTravelledEdges": 2, 
        "platoonCarCounter": 100, 
        "platoonSplitTime": 5.0, 
        "switchImpatienceFactor": 0.1
    }, 
    "nrOfPlatoonsFormed": 143, 
    "nrOfPlatoonsSplit": 176, 
    "overallPlatoonDuration": 8453, 
    "simTime": 2000.0, 
    "totalTrips": 581
}