{
    "averages": {
        "totalCO2EmissionAverage": 9793.632688985448, 
        "totalCOEmissionAverage": 254.1650740575877, 
        "totalFuelConsumptionAverage": 4.209851145145331, 
        "totalHCEmissionAverage": 1.4119936612076769, 
        "totalNOxEmissionAverage": 4.140602089262188, 
        "totalNoiseEmissionAverage": 76.45988914477773, 
        "totalPMXEmissionAverage": 0.2748505209110663, 
        "totalSpeedAverage": 35.619256916579396, 
        "totalTripAverage": 305.55280528052833
    }, 
    "config": {
        "catchupDist": 150.0, 
        "joinDistance": 100.0, 
        "lookAheadDistance": 200.0, 
        "maxPlatoonGap": 100.0, 
        "maxVehiclesInPlatoon": 6, 
        "nonPlatoonCarCounter": 200, 
        "nrOfNotTravelledEdges": 3, 
        "platoonCarCounter": 100, 
        "platoonSplitTime": 5.0, 
        "switchImpatienceFactor": 0.1
    }, 
    "nrOfPlatoonsFormed": 115, 
    "nrOfPlatoonsSplit": 156, 
    "overallPlatoonDuration": 6003, 
    "simTime": 2000.0, 
    "totalTrips": 605
}