{
    "averages": {
        "totalCO2EmissionAverage": 10755.01629568972, 
        "totalCOEmissionAverage": 282.4281806457988, 
        "totalFuelConsumptionAverage": 4.623107314445685, 
        "totalHCEmissionAverage": 1.5671601483536854, 
        "totalNOxEmissionAverage": 4.53716004156681, 
        "totalNoiseEmissionAverage": 79.19839461711858, 
        "totalPMXEmissionAverage": 0.30668730119954185, 
        "totalSpeedAverage": 40.709646641351405, 
        "totalTripAverage": 284.22874806800564
    }, 
    "config": {
        "catchupDist": 150.0, 
        "joinDistance": 100.0, 
        "lookAheadDistance": 200.0, 
        "maxPlatoonGap": 100.0, 
        "maxVehiclesInPlatoon": 6, 
        "nonPlatoonCarCounter": 200, 
        "nrOfNotTravelledEdges": 5, 
        "platoonCarCounter": 100, 
        "platoonSplitTime": 5.0, 
        "switchImpatienceFactor": 0.1
    }, 
    "nrOfPlatoonsFormed": 101, 
    "nrOfPlatoonsSplit": 63, 
    "overallPlatoonDuration": 5660, 
    "simTime": 2000.0, 
    "totalTrips": 646
}