{
    "averages": {
        "totalCO2EmissionAverage": 10520.90279367862, 
        "totalCOEmissionAverage": 275.5847692740229, 
        "totalFuelConsumptionAverage": 4.522472359608655, 
        "totalHCEmissionAverage": 1.5296172791961182, 
        "totalNOxEmissionAverage": 4.4390438259073735, 
        "totalNoiseEmissionAverage": 78.66569029018598, 
        "totalPMXEmissionAverage": 0.29909662727758995, 
        "totalSpeedAverage": 39.71245064017859, 
        "totalTripAverage": 288.0559006211178
    }, 
    "config": {
        "catchupDist": 150.0, 
        "joinDistance": 100.0, 
        "lookAheadDistance": 200.0, 
        "maxPlatoonGap": 100.0, 
        "maxVehiclesInPlatoon": 6, 
        "nonPlatoonCarCounter": 200, 
        "nrOfNotTravelledEdges": 6, 
        "platoonCarCounter": 100, 
        "platoonSplitTime": 5.0, 
        "switchImpatienceFactor": 0.1
    }, 
    "nrOfPlatoonsFormed": 139, 
    "nrOfPlatoonsSplit": 111, 
    "overallPlatoonDuration": 9346, 
    "simTime": 2000.0, 
    "totalTrips": 643
}