{
    "averages": {
        "totalCO2EmissionAverage": 10575.604683351818, 
        "totalCOEmissionAverage": 276.8381614854103, 
        "totalFuelConsumptionAverage": 4.54598595613094, 
        "totalHCEmissionAverage": 1.5366989515487575, 
        "totalNOxEmissionAverage": 4.4646137448987515, 
        "totalNoiseEmissionAverage": 78.62550449191825, 
        "totalPMXEmissionAverage": 0.3005609800924476, 
        "totalSpeedAverage": 39.635545095596505, 
        "totalTripAverage": 293.00796178343927
    }, 
    "config": {
        "catchupDist": 150.0, 
        "joinDistance": 100.0, 
        "lookAheadDistance": 200.0, 
        "maxPlatoonGap": 100.0, 
        "maxVehiclesInPlatoon": 6, 
        "nonPlatoonCarCounter": 200, 
        "nrOfNotTravelledEdges": 8, 
        "platoonCarCounter": 100, 
        "platoonSplitTime": 5.0, 
        "switchImpatienceFactor": 0.1
    }, 
    "nrOfPlatoonsFormed": 115, 
    "nrOfPlatoonsSplit": 107, 
    "overallPlatoonDuration": 6299, 
    "simTime": 2000.0, 
    "totalTrips": 627
}