{
    "averages": {
        "totalCO2EmissionAverage": 9984.509035410178, 
        "totalCOEmissionAverage": 261.6584278508083, 
        "totalFuelConsumptionAverage": 4.291902064233349, 
        "totalHCEmissionAverage": 1.4519722606315468, 
        "totalNOxEmissionAverage": 4.206077085080161, 
        "totalNoiseEmissionAverage": 77.66152087526665, 
        "totalPMXEmissionAverage": 0.2827488288371126, 
        "totalSpeedAverage": 37.937767050567196, 
        "totalTripAverage": 297.2106969205832
    }, 
    "config": {
        "catchupDist": 100.0, 
        "joinDistance": 100.0, 
        "lookAheadDistance": 200.0, 
        "maxPlatoonGap": 100.0, 
        "maxVehiclesInPlatoon": 6, 
        "nonPlatoonCarCounter": 200, 
        "nrOfNotTravelledEdges": 5, 
        "platoonCarCounter": 100, 
        "platoonSplitTime": 5.0, 
        "switchImpatienceFactor": 0.1
    }, 
    "nrOfPlatoonsFormed": 124, 
    "nrOfPlatoonsSplit": 159, 
    "overallPlatoonDuration": 6363, 
    "simTime": 2000.0, 
    "totalTrips": 616
}