{
    "averages": {
        "totalCO2EmissionAverage": 10761.25362050913, 
        "totalCOEmissionAverage": 281.9467275411988, 
        "totalFuelConsumptionAverage": 4.625787989321992, 
        "totalHCEmissionAverage": 1.5649848515542057, 
        "totalNOxEmissionAverage": 4.542502078610315, 
        "totalNoiseEmissionAverage": 79.08612697015445, 
        "totalPMXEmissionAverage": 0.30644498322538183, 
        "totalSpeedAverage": 40.463221346596555, 
        "totalTripAverage": 286.40061633281954
    }, 
    "config": {
        "catchupDist": 200.0, 
        "joinDistance": 100.0, 
        "lookAheadDistance": 200.0, 
        "maxPlatoonGap": 100.0, 
        "maxVehiclesInPlatoon": 6, 
        "nonPlatoonCarCounter": 200, 
        "nrOfNotTravelledEdges": 5, 
        "platoonCarCounter": 100, 
        "platoonSplitTime": 5.0, 
        "switchImpatienceFactor": 0.1
    }, 
    "nrOfPlatoonsFormed": 93, 
    "nrOfPlatoonsSplit": 61, 
    "overallPlatoonDuration": 5011, 
    "simTime": 2000.0, 
    "totalTrips": 648
}