{
    "averages": {
        "totalCO2EmissionAverage": 10574.255541974644, 
        "totalCOEmissionAverage": 274.91171797624645, 
        "totalFuelConsumptionAverage": 4.545404563194898, 
        "totalHCEmissionAverage": 1.527456819022937, 
        "totalNOxEmissionAverage": 4.472592707010449, 
        "totalNoiseEmissionAverage": 78.27649085138029, 
        "totalPMXEmissionAverage": 0.2992898561573336, 
        "totalSpeedAverage": 38.893787554911576, 
        "totalTripAverage": 292.15566037735863
    }, 
    "config": {
        "catchupDist": 250.0, 
        "joinDistance": 100.0, 
        "lookAheadDistance": 200.0, 
        "maxPlatoonGap": 100.0, 
        "maxVehiclesInPlatoon": 6, 
        "nonPlatoonCarCounter": 200, 
        "nrOfNotTravelledEdges": 5, 
        "platoonCarCounter": 100, 
        "platoonSplitTime": 5.0, 
        "switchImpatienceFactor": 0.1
    }, 
    "nrOfPlatoonsFormed": 153, 
    "nrOfPlatoonsSplit": 162, 
    "overallPlatoonDuration": 7775, 
    "simTime": 2000.0, 
    "totalTrips": 635
}