{
    "std": 4.410780543707785, 
    "parameter": "FuelConsumptions", 
    "median": 8.976065203956967, 
    "mean": 9.431173453801629
}