{
    "std": 4.430043385465403, 
    "parameter": "FuelConsumptions", 
    "median": 8.944463049564376, 
    "mean": 9.399016204477338
}