{
    "std": 1.157137275537905, 
    "parameter": "NumberOfCarsInPlatoons", 
    "median": 3.0, 
    "mean": 3.4739118330986147
}