{
    "std": 1.1500661111068833, 
    "parameter": "NumberOfCarsInPlatoons", 
    "median": 3.0, 
    "mean": 3.484271775337279
}