{
    "std": 0.16996230547679098, 
    "parameter": "Overheads", 
    "median": 1.4636432056814677, 
    "mean": 1.4863347016767627
}