{
    "std": 0.17731646783601643, 
    "parameter": "Overheads", 
    "median": 1.4508531006766257, 
    "mean": 1.4774527515934894
}