{
    "std": 442.1085759288362, 
    "parameter": "ReportedPlatoonDurationsBeforeSplit", 
    "median": 26.0, 
    "mean": 78.76695131277084
}