{
    "std": 446.15685300065553, 
    "parameter": "ReportedPlatoonDurationsBeforeSplit", 
    "median": 26.0, 
    "mean": 79.00163642718694
}