{
    "std": 12.798161461270322, 
    "parameter": "Speeds", 
    "median": 43.79198769545662, 
    "mean": 38.82376537708976
}