{
    "std": 12.927194575159383, 
    "parameter": "Speeds", 
    "median": 43.71387623606205, 
    "mean": 38.59516433853877
}