{
    "std": 40.88419474548979, 
    "parameter": "TripDurations", 
    "median": 308.0, 
    "mean": 312.42766658221433
}