{
    "std": 39.80818991505613, 
    "parameter": "TripDurations", 
    "median": 310.0, 
    "mean": 313.87844387755104
}