{
    "std": 3.8206283456230707, 
    "parameter": "FuelConsumptions", 
    "median": 8.087711938971296, 
    "mean": 8.738114118070488
}