{
    "std": 3.842747544528828, 
    "parameter": "FuelConsumptions", 
    "median": 8.089354796113168, 
    "mean": 8.743015520587473
}