{
    "std": 0.8206327721118891, 
    "parameter": "NumberOfCarsInPlatoons", 
    "median": 2.0, 
    "mean": 2.5200133090144288
}