{
    "std": 0.8283993249674041, 
    "parameter": "NumberOfCarsInPlatoons", 
    "median": 2.0, 
    "mean": 2.5173044350450886
}