{
    "std": 0.15093601469702406, 
    "parameter": "Overheads", 
    "median": 1.4079992014740212, 
    "mean": 1.4321876853757005
}