{
    "std": 0.15013995032015626, 
    "parameter": "Overheads", 
    "median": 1.4116511249086523, 
    "mean": 1.4372189593484064
}