{
    "std": 798.8471427814153, 
    "parameter": "ReportedPlatoonDurationsBeforeSplit", 
    "median": 24.0, 
    "mean": 138.3635776855694
}