{
    "std": 755.5422405644518, 
    "parameter": "ReportedPlatoonDurationsBeforeSplit", 
    "median": 24.0, 
    "mean": 135.95351961311124
}