{
    "std": 9.4745971872312, 
    "parameter": "Speeds", 
    "median": 43.45767730935369, 
    "mean": 40.123036434955914
}