{
    "std": 9.656063872035373, 
    "parameter": "Speeds", 
    "median": 43.460298172475305, 
    "mean": 39.994416711331326
}