{
    "std": 36.39016064660361, 
    "parameter": "TripDurations", 
    "median": 299.0, 
    "mean": 302.73836138066576
}