{
    "std": 36.19370087279035, 
    "parameter": "TripDurations", 
    "median": 300.0, 
    "mean": 303.5586785009862
}