{
    "averages": {
        "totalCO2EmissionAverage": 10594.029510738364, 
        "totalCOEmissionAverage": 275.8021852836141, 
        "totalFuelConsumptionAverage": 4.553905306592398, 
        "totalHCEmissionAverage": 1.5323461163422172, 
        "totalNOxEmissionAverage": 4.471283014674922, 
        "totalNoiseEmissionAverage": 78.67172372209957, 
        "totalPMXEmissionAverage": 0.3004826410324296, 
        "totalSpeedAverage": 39.63425090485779, 
        "totalTripAverage": 286.38730158730135
    }, 
    "config": {
        "catchupDist": 150.0, 
        "joinDistance": 100.0, 
        "lookAheadDistance": 200.0, 
        "maxPlatoonGap": 100.0, 
        "maxVehiclesInPlatoon": 6, 
        "nonPlatoonCarCounter": 250, 
        "nrOfNotTravelledEdges": 5, 
        "platoonCarCounter": 100, 
        "platoonSplitTime": 5.0, 
        "switchImpatienceFactor": 0.1
    }, 
    "nrOfPlatoonsFormed": 120, 
    "nrOfPlatoonsSplit": 99, 
    "overallPlatoonDuration": 6617, 
    "simTime": 2000.0, 
    "totalTrips": 629
}