{
    "averages": {
        "totalCO2EmissionAverage": 9845.285980422295, 
        "totalCOEmissionAverage": 258.7146357889264, 
        "totalFuelConsumptionAverage": 4.232056205543277, 
        "totalHCEmissionAverage": 1.4345870614242624, 
        "totalNOxEmissionAverage": 4.157895261602211, 
        "totalNoiseEmissionAverage": 76.9421857765861, 
        "totalPMXEmissionAverage": 0.27821286850111193, 
        "totalSpeedAverage": 36.655841303449286, 
        "totalTripAverage": 311.32775919732416
    }, 
    "config": {
        "catchupDist": 150.0, 
        "joinDistance": 100.0, 
        "lookAheadDistance": 200.0, 
        "maxPlatoonGap": 100.0, 
        "maxVehiclesInPlatoon": 6, 
        "nonPlatoonCarCounter": 300, 
        "nrOfNotTravelledEdges": 5, 
        "platoonCarCounter": 100, 
        "platoonSplitTime": 5.0, 
        "switchImpatienceFactor": 0.1
    }, 
    "nrOfPlatoonsFormed": 138, 
    "nrOfPlatoonsSplit": 239, 
    "overallPlatoonDuration": 7488, 
    "simTime": 2000.0, 
    "totalTrips": 597
}