{
    "averages": {
        "totalCO2EmissionAverage": 9651.957090857992, 
        "totalCOEmissionAverage": 251.88597968410298, 
        "totalFuelConsumptionAverage": 4.148952161853217, 
        "totalHCEmissionAverage": 1.3980651544679428, 
        "totalNOxEmissionAverage": 4.077796016732729, 
        "totalNoiseEmissionAverage": 76.40057593800303, 
        "totalPMXEmissionAverage": 0.2713257568961737, 
        "totalSpeedAverage": 35.59262634143348, 
        "totalTripAverage": 310.60641891891885
    }, 
    "config": {
        "catchupDist": 150.0, 
        "joinDistance": 100.0, 
        "lookAheadDistance": 200.0, 
        "maxPlatoonGap": 100.0, 
        "maxVehiclesInPlatoon": 6, 
        "nonPlatoonCarCounter": 350, 
        "nrOfNotTravelledEdges": 5, 
        "platoonCarCounter": 100, 
        "platoonSplitTime": 5.0, 
        "switchImpatienceFactor": 0.1
    }, 
    "nrOfPlatoonsFormed": 134, 
    "nrOfPlatoonsSplit": 177, 
    "overallPlatoonDuration": 7222, 
    "simTime": 2000.0, 
    "totalTrips": 591
}