{
    "averages": {
        "totalCO2EmissionAverage": 10329.27821100507, 
        "totalCOEmissionAverage": 269.8602184339932, 
        "totalFuelConsumptionAverage": 4.44010124865391, 
        "totalHCEmissionAverage": 1.4981528810851763, 
        "totalNOxEmissionAverage": 4.3632747172167115, 
        "totalNoiseEmissionAverage": 77.94929216508798, 
        "totalPMXEmissionAverage": 0.2924972558269377, 
        "totalSpeedAverage": 38.386339449901435, 
        "totalTripAverage": 292.60890302066815
    }, 
    "config": {
        "catchupDist": 150.0, 
        "joinDistance": 100.0, 
        "lookAheadDistance": 200.0, 
        "maxPlatoonGap": 100.0, 
        "maxVehiclesInPlatoon": 6, 
        "nonPlatoonCarCounter": 400, 
        "nrOfNotTravelledEdges": 5, 
        "platoonCarCounter": 100, 
        "platoonSplitTime": 5.0, 
        "switchImpatienceFactor": 0.1
    }, 
    "nrOfPlatoonsFormed": 120, 
    "nrOfPlatoonsSplit": 138, 
    "overallPlatoonDuration": 6004, 
    "simTime": 2000.0, 
    "totalTrips": 628
}