{
    "averages": {
        "totalCO2EmissionAverage": 10245.379985700145, 
        "totalCOEmissionAverage": 267.244439828123, 
        "totalFuelConsumptionAverage": 4.404037161947756, 
        "totalHCEmissionAverage": 1.4840008413072676, 
        "totalNOxEmissionAverage": 4.326337181571988, 
        "totalNoiseEmissionAverage": 77.81876674205716, 
        "totalPMXEmissionAverage": 0.2898087230734625, 
        "totalSpeedAverage": 38.12836052324105, 
        "totalTripAverage": 293.5378289473681
    }, 
    "config": {
        "catchupDist": 150.0, 
        "joinDistance": 100.0, 
        "lookAheadDistance": 200.0, 
        "maxPlatoonGap": 100.0, 
        "maxVehiclesInPlatoon": 6, 
        "nonPlatoonCarCounter": 500, 
        "nrOfNotTravelledEdges": 5, 
        "platoonCarCounter": 100, 
        "platoonSplitTime": 5.0, 
        "switchImpatienceFactor": 0.1
    }, 
    "nrOfPlatoonsFormed": 150, 
    "nrOfPlatoonsSplit": 134, 
    "overallPlatoonDuration": 8393, 
    "simTime": 2000.0, 
    "totalTrips": 607
}