{
    "averages": {
        "totalCO2EmissionAverage": 9895.144526791953, 
        "totalCOEmissionAverage": 267.7366611260849, 
        "totalFuelConsumptionAverage": 4.253494113450993, 
        "totalHCEmissionAverage": 1.4793170690437971, 
        "totalNOxEmissionAverage": 4.1325823864865985, 
        "totalNoiseEmissionAverage": 79.43908695431278, 
        "totalPMXEmissionAverage": 0.2860864048300232, 
        "totalSpeedAverage": 41.65163252717246, 
        "totalTripAverage": 302.5134474327626
    }, 
    "config": {
        "nonPlatoonCarCounter": 100, 
        "platoonCarCounter": 100
    }, 
    "simTime": 2000.0, 
    "totalTrips": 1226
}