{
    "averages": {
        "totalCO2EmissionAverage": 9784.91254389366, 
        "totalCOEmissionAverage": 262.16260502812264, 
        "totalFuelConsumptionAverage": 4.206108503626667, 
        "totalHCEmissionAverage": 1.4502754945906549, 
        "totalNOxEmissionAverage": 4.099344963992207, 
        "totalNoiseEmissionAverage": 78.47387395181977, 
        "totalPMXEmissionAverage": 0.28067874381939767, 
        "totalSpeedAverage": 39.71323817014884, 
        "totalTripAverage": 342.25856697819285
    }, 
    "config": {
        "nonPlatoonCarCounter": 200, 
        "platoonCarCounter": 100
    }, 
    "simTime": 2000.0, 
    "totalTrips": 1604
}