{
    "averages": {
        "totalCO2EmissionAverage": 9527.342720578783, 
        "totalCOEmissionAverage": 255.64991267344703, 
        "totalFuelConsumptionAverage": 4.095391142364388, 
        "totalHCEmissionAverage": 1.4136651936190434, 
        "totalNOxEmissionAverage": 3.9924763808254338, 
        "totalNoiseEmissionAverage": 77.85473205807499, 
        "totalPMXEmissionAverage": 0.27272189264456853, 
        "totalSpeedAverage": 38.6177552559048, 
        "totalTripAverage": 437.1539408866995
    }, 
    "config": {
        "nonPlatoonCarCounter": 300, 
        "platoonCarCounter": 100
    }, 
    "simTime": 2000.0, 
    "totalTrips": 1623
}