{
    "averages": {
        "totalCO2EmissionAverage": 9240.897142459744, 
        "totalCOEmissionAverage": 245.799646308597, 
        "totalFuelConsumptionAverage": 3.972259880862037, 
        "totalHCEmissionAverage": 1.3606179844717783, 
        "totalNOxEmissionAverage": 3.879932630308591, 
        "totalNoiseEmissionAverage": 76.72791146259983, 
        "totalPMXEmissionAverage": 0.26230704844797853, 
        "totalSpeedAverage": 36.4424971911699, 
        "totalTripAverage": 532.3022528160202
    }, 
    "config": {
        "nonPlatoonCarCounter": 400, 
        "platoonCarCounter": 100
    }, 
    "simTime": 2000.0, 
    "totalTrips": 1597
}