{
    "std": 4.395139645031761, 
    "parameter": "FuelConsumptions", 
    "median": 9.027507089242135, 
    "mean": 9.490210584132976
}