{
    "std": 4.410222556302415, 
    "parameter": "FuelConsumptions", 
    "median": 8.974752431169545, 
    "mean": 9.43689554073846
}