{
    "std": 1.143327726189954, 
    "parameter": "NumberOfCarsInPlatoons", 
    "median": 3.0, 
    "mean": 3.494570951761302
}