{
    "std": 1.1472918427065424, 
    "parameter": "NumberOfCarsInPlatoons", 
    "median": 3.0, 
    "mean": 3.459108328639671
}