{
    "std": 0.1735016674360636, 
    "parameter": "Overheads", 
    "median": 1.4564759836086911, 
    "mean": 1.4766937624760608
}