{
    "std": 0.1712325040159461, 
    "parameter": "Overheads", 
    "median": 1.4437573021214076, 
    "mean": 1.4676098475129524
}