{
    "std": 441.00494628103826, 
    "parameter": "ReportedPlatoonDurationsBeforeSplit", 
    "median": 26.0, 
    "mean": 78.10399401931
}