{
    "std": 452.9828376921605, 
    "parameter": "ReportedPlatoonDurationsBeforeSplit", 
    "median": 27.0, 
    "mean": 80.14803031271983
}