{
    "std": 12.609472670907373, 
    "parameter": "Speeds", 
    "median": 43.89006807551253, 
    "mean": 39.10138566117733
}