{
    "std": 12.809809645064634, 
    "parameter": "Speeds", 
    "median": 43.84255112010054, 
    "mean": 38.85573057594912
}