{
    "std": 39.972225425886116, 
    "parameter": "TripDurations", 
    "median": 307.0, 
    "mean": 310.17008945445383
}