{
    "std": 40.95975354716819, 
    "parameter": "TripDurations", 
    "median": 309.0, 
    "mean": 312.28689357378715
}