{
    "std": 4.163383707060082, 
    "parameter": "FuelConsumptions", 
    "median": 8.612589478034886, 
    "mean": 9.17542368267872
}