{
    "std": 4.16550446324308, 
    "parameter": "FuelConsumptions", 
    "median": 8.594383996383465, 
    "mean": 9.165420228779242
}