{
    "std": 1.0721579849784413, 
    "parameter": "NumberOfCarsInPlatoons", 
    "median": 3.0, 
    "mean": 2.93960900290949
}