{
    "std": 1.0753203198924626, 
    "parameter": "NumberOfCarsInPlatoons", 
    "median": 3.0, 
    "mean": 2.975922670394738
}