{
    "std": 0.17745305351781618, 
    "parameter": "Overheads", 
    "median": 1.434455711650266, 
    "mean": 1.4633777036442563
}