{
    "std": 0.1640019784911657, 
    "parameter": "Overheads", 
    "median": 1.4367269638298041, 
    "mean": 1.4631947484670595
}