{
    "std": 569.9713393694374, 
    "parameter": "ReportedPlatoonDurationsBeforeSplit", 
    "median": 24.0, 
    "mean": 93.55483459690822
}