{
    "std": 526.2493184015086, 
    "parameter": "ReportedPlatoonDurationsBeforeSplit", 
    "median": 24.0, 
    "mean": 87.05515158295111
}