{
    "std": 11.154994258245019, 
    "parameter": "Speeds", 
    "median": 43.461254629257596, 
    "mean": 39.273316895128374
}