{
    "std": 11.137735620065945, 
    "parameter": "Speeds", 
    "median": 43.44136418493366, 
    "mean": 39.257260832790124
}