{
    "std": 38.6246444504722, 
    "parameter": "TripDurations", 
    "median": 305.5, 
    "mean": 309.41032403918615
}