{
    "std": 41.21119515692358, 
    "parameter": "TripDurations", 
    "median": 305.0, 
    "mean": 309.14589092736867
}