{
    "std": 4.880355283792002, 
    "parameter": "FuelConsumptions", 
    "median": 8.794299843742948, 
    "mean": 9.023213487031605
}