{
    "std": 2.557598733190608, 
    "parameter": "NumberOfCarsInPlatoons", 
    "median": 8.0, 
    "mean": 7.020696195144724
}