{
    "std": 0.23200361405338207, 
    "parameter": "Overheads", 
    "median": 1.586738599025832, 
    "mean": 1.5818508282184662
}