{
    "std": 325.3769033948717, 
    "parameter": "ReportedPlatoonDurationsBeforeSplit", 
    "median": 22.0, 
    "mean": 60.14001824788646
}