{
    "std": 16.80844744447379, 
    "parameter": "Speeds", 
    "median": 44.346211749558684, 
    "mean": 36.19313133597397
}