{
    "std": 51.49515755584252, 
    "parameter": "TripDurations", 
    "median": 333.0, 
    "mean": 333.8815539255637
}