{
    "std": 4.161424820878634, 
    "parameter": "FuelConsumptions", 
    "median": 8.590981251195306, 
    "mean": 9.15898748948603
}