{
    "std": 4.164226126584945, 
    "parameter": "FuelConsumptions", 
    "median": 8.601955743218957, 
    "mean": 9.177416254123466
}