{
    "std": 1.071239773236901, 
    "parameter": "NumberOfCarsInPlatoons", 
    "median": 3.0, 
    "mean": 2.9545954348301047
}