{
    "std": 1.0541758305595124, 
    "parameter": "NumberOfCarsInPlatoons", 
    "median": 3.0, 
    "mean": 2.9308724688937673
}