{
    "std": 0.1694635988751723, 
    "parameter": "Overheads", 
    "median": 1.4373809596362255, 
    "mean": 1.4634280342177413
}