{
    "std": 0.17758664503161264, 
    "parameter": "Overheads", 
    "median": 1.4344551339319067, 
    "mean": 1.4610682159707615
}