{
    "std": 591.6461221560534, 
    "parameter": "ReportedPlatoonDurationsBeforeSplit", 
    "median": 24.0, 
    "mean": 97.07512574302697
}