{
    "std": 563.3690902063539, 
    "parameter": "ReportedPlatoonDurationsBeforeSplit", 
    "median": 24.0, 
    "mean": 93.61826923076923
}