{
    "std": 11.098271810927013, 
    "parameter": "Speeds", 
    "median": 43.4463561984091, 
    "mean": 39.30791518816799
}