{
    "std": 11.12474094726839, 
    "parameter": "Speeds", 
    "median": 43.430366895214604, 
    "mean": 39.255291277813704
}