{
    "std": 41.00304763082282, 
    "parameter": "TripDurations", 
    "median": 305.0, 
    "mean": 308.8671600602107
}