{
    "std": 39.297414235163636, 
    "parameter": "TripDurations", 
    "median": 305.0, 
    "mean": 309.24846047505343
}