{
    "std": 4.886339721205566, 
    "parameter": "FuelConsumptions", 
    "median": 8.786524514407958, 
    "mean": 9.007612570031228
}