{
    "std": 4.875386866993044, 
    "parameter": "FuelConsumptions", 
    "median": 8.810998482364035, 
    "mean": 9.034641199406497
}