{
    "std": 2.5675324311643024, 
    "parameter": "NumberOfCarsInPlatoons", 
    "median": 8.0, 
    "mean": 7.040223293699092
}