{
    "std": 2.5553965058098194, 
    "parameter": "NumberOfCarsInPlatoons", 
    "median": 8.0, 
    "mean": 7.0259570778362
}