{
    "std": 0.2305247468922994, 
    "parameter": "Overheads", 
    "median": 1.578250935718658, 
    "mean": 1.5785613253064186
}