{
    "std": 0.23333100707007418, 
    "parameter": "Overheads", 
    "median": 1.5854047819136539, 
    "mean": 1.5837442438025928
}