{
    "std": 328.42209985622884, 
    "parameter": "ReportedPlatoonDurationsBeforeSplit", 
    "median": 22.0, 
    "mean": 60.30723434551742
}