{
    "std": 16.893207932211887, 
    "parameter": "Speeds", 
    "median": 44.3701982803503, 
    "mean": 36.14912414521755
}