{
    "std": 51.19801754283401, 
    "parameter": "TripDurations", 
    "median": 333.0, 
    "mean": 333.71865651346207
}