{
    "std": 51.80903931425978, 
    "parameter": "TripDurations", 
    "median": 334.0, 
    "mean": 334.5060568939703
}