{
    "std": 4.160827444590932, 
    "parameter": "FuelConsumptions", 
    "median": 8.623350594317916, 
    "mean": 9.20375445041818
}