{
    "std": 4.176827981226572, 
    "parameter": "FuelConsumptions", 
    "median": 8.572856271483918, 
    "mean": 9.145396376208904
}