{
    "std": 1.0738186529763414, 
    "parameter": "NumberOfCarsInPlatoons", 
    "median": 3.0, 
    "mean": 2.953200532825335
}