{
    "std": 1.0692497246964765, 
    "parameter": "NumberOfCarsInPlatoons", 
    "median": 3.0, 
    "mean": 2.9550552928259264
}