{
    "std": 0.16969347552213018, 
    "parameter": "Overheads", 
    "median": 1.4379797553301725, 
    "mean": 1.4663312112868987
}