{
    "std": 0.16861163183716735, 
    "parameter": "Overheads", 
    "median": 1.4315611751526662, 
    "mean": 1.4578203030986223
}