{
    "std": 527.8301055153079, 
    "parameter": "ReportedPlatoonDurationsBeforeSplit", 
    "median": 24.0, 
    "mean": 88.19426715424626
}