{
    "std": 573.3139478208308, 
    "parameter": "ReportedPlatoonDurationsBeforeSplit", 
    "median": 24.0, 
    "mean": 94.52328941679751
}