{
    "std": 11.295877274206463, 
    "parameter": "Speeds", 
    "median": 43.4543150143822, 
    "mean": 39.18226687824677
}