{
    "std": 11.011866522812443, 
    "parameter": "Speeds", 
    "median": 43.4856852795789, 
    "mean": 39.4485133595701
}