{
    "std": 39.72229534365259, 
    "parameter": "TripDurations", 
    "median": 304.0, 
    "mean": 308.4378128128128
}