{
    "std": 39.44286173541556, 
    "parameter": "TripDurations", 
    "median": 305.0, 
    "mean": 309.81819325616505
}