{
    "std": 4.168622844357501, 
    "parameter": "FuelConsumptions", 
    "median": 8.606077988719077, 
    "mean": 9.184110732078471
}