{
    "std": 4.161080256046681, 
    "parameter": "FuelConsumptions", 
    "median": 8.617922652115373, 
    "mean": 9.194146272524444
}