{
    "std": 1.0742612659685242, 
    "parameter": "NumberOfCarsInPlatoons", 
    "median": 3.0, 
    "mean": 2.956079198380654
}