{
    "std": 1.0727470486762636, 
    "parameter": "NumberOfCarsInPlatoons", 
    "median": 3.0, 
    "mean": 2.9487714724474126
}