{
    "std": 0.16390684070158562, 
    "parameter": "Overheads", 
    "median": 1.4332009100864835, 
    "mean": 1.4574820139147857
}