{
    "std": 0.17195505969145813, 
    "parameter": "Overheads", 
    "median": 1.43141933063783, 
    "mean": 1.4592689756995691
}