{
    "std": 557.8754381811609, 
    "parameter": "ReportedPlatoonDurationsBeforeSplit", 
    "median": 24.0, 
    "mean": 91.15025323579066
}