{
    "std": 606.4300425113464, 
    "parameter": "ReportedPlatoonDurationsBeforeSplit", 
    "median": 24.0, 
    "mean": 100.45840055312284
}