{
    "std": 11.037693844008873, 
    "parameter": "Speeds", 
    "median": 43.46450520922524, 
    "mean": 39.38955556899816
}