{
    "std": 11.066720769213596, 
    "parameter": "Speeds", 
    "median": 43.48289170026313, 
    "mean": 39.41609010736763
}