{
    "std": 38.567407928215076, 
    "parameter": "TripDurations", 
    "median": 304.0, 
    "mean": 307.8253968253968
}