{
    "std": 40.12901898246915, 
    "parameter": "TripDurations", 
    "median": 304.0, 
    "mean": 308.6616428033158
}