{
    "std": 4.162440488650876, 
    "parameter": "FuelConsumptions", 
    "median": 8.599675942071535, 
    "mean": 9.173875112912524
}