{
    "std": 4.171139798074611, 
    "parameter": "FuelConsumptions", 
    "median": 8.60355204073808, 
    "mean": 9.17776880539072
}