{
    "std": 1.0713015035852407, 
    "parameter": "NumberOfCarsInPlatoons", 
    "median": 3.0, 
    "mean": 2.962989502797159
}