{
    "std": 1.0660105416723884, 
    "parameter": "NumberOfCarsInPlatoons", 
    "median": 3.0, 
    "mean": 2.960563683884353
}