{
    "std": 0.16555331424489192, 
    "parameter": "Overheads", 
    "median": 1.4365009316683661, 
    "mean": 1.462480676442991
}