{
    "std": 0.16460437570282704, 
    "parameter": "Overheads", 
    "median": 1.4403678579881867, 
    "mean": 1.4638860226638841
}