{
    "std": 552.730421428302, 
    "parameter": "ReportedPlatoonDurationsBeforeSplit", 
    "median": 24.0, 
    "mean": 91.46614050024161
}