{
    "std": 588.7330835670243, 
    "parameter": "ReportedPlatoonDurationsBeforeSplit", 
    "median": 24.0, 
    "mean": 95.45961827438491
}