{
    "std": 11.090043880093672, 
    "parameter": "Speeds", 
    "median": 43.46441680980846, 
    "mean": 39.32772884979623
}