{
    "std": 11.12930657732209, 
    "parameter": "Speeds", 
    "median": 43.43076769480343, 
    "mean": 39.20887571704401
}