{
    "std": 39.18291095797932, 
    "parameter": "TripDurations", 
    "median": 305.0, 
    "mean": 309.4264169913284
}