{
    "std": 38.818279625794126, 
    "parameter": "TripDurations", 
    "median": 305.0, 
    "mean": 309.2067621920563
}