{
    "averages": {
        "totalCO2EmissionAverage": 10824.206353581052, 
        "totalCOEmissionAverage": 283.47967071903975, 
        "totalFuelConsumptionAverage": 4.652848466897797, 
        "totalHCEmissionAverage": 1.573636700597505, 
        "totalNOxEmissionAverage": 4.568819357300988, 
        "totalNoiseEmissionAverage": 79.18699225436829, 
        "totalPMXEmissionAverage": 0.3082978517734046, 
        "totalSpeedAverage": 40.63570113038297, 
        "totalTripAverage": 282.5069337442217
    }, 
    "config": {
        "catchupDist": 150.0, 
        "joinDistance": 100.0, 
        "lookAheadDistance": 200.0, 
        "maxPlatoonGap": 100.0, 
        "maxVehiclesInPlatoon": 6, 
        "nonPlatoonCarCounter": 200, 
        "nrOfNotTravelledEdges": 5, 
        "platoonCarCounter": 100, 
        "platoonSplitTime": 5.0, 
        "switchImpatienceFactor": 0.1
    }, 
    "nrOfPlatoonsFormed": 130, 
    "nrOfPlatoonsSplit": 94, 
    "overallPlatoonDuration": 7220, 
    "simTime": 2000.0, 
    "totalTrips": 648
}