{
    "averages": {
        "totalCO2EmissionAverage": 10620.051431247291, 
        "totalCOEmissionAverage": 278.4340704497553, 
        "totalFuelConsumptionAverage": 4.565091824516538, 
        "totalHCEmissionAverage": 1.545239402947127, 
        "totalNOxEmissionAverage": 4.48225343528358, 
        "totalNoiseEmissionAverage": 78.77756880879336, 
        "totalPMXEmissionAverage": 0.30219334862756203, 
        "totalSpeedAverage": 39.93872308371592, 
        "totalTripAverage": 290.88712241653394
    }, 
    "config": {
        "catchupDist": 150.0, 
        "joinDistance": 25.0, 
        "lookAheadDistance": 200.0, 
        "maxPlatoonGap": 100.0, 
        "maxVehiclesInPlatoon": 6, 
        "nonPlatoonCarCounter": 200, 
        "nrOfNotTravelledEdges": 5, 
        "platoonCarCounter": 100, 
        "platoonSplitTime": 5.0, 
        "switchImpatienceFactor": 0.1
    }, 
    "nrOfPlatoonsFormed": 120, 
    "nrOfPlatoonsSplit": 110, 
    "overallPlatoonDuration": 6836, 
    "simTime": 2000.0, 
    "totalTrips": 628
}