{
    "averages": {
        "totalCO2EmissionAverage": 10536.454892076335, 
        "totalCOEmissionAverage": 273.8105165846384, 
        "totalFuelConsumptionAverage": 4.529156260178645, 
        "totalHCEmissionAverage": 1.5215946141319254, 
        "totalNOxEmissionAverage": 4.449704678527316, 
        "totalNoiseEmissionAverage": 78.44012247062246, 
        "totalPMXEmissionAverage": 0.2983293370130191, 
        "totalSpeedAverage": 39.190201888172375, 
        "totalTripAverage": 288.30218068535845
    }, 
    "config": {
        "catchupDist": 150.0, 
        "joinDistance": 400.0, 
        "lookAheadDistance": 200.0, 
        "maxPlatoonGap": 100.0, 
        "maxVehiclesInPlatoon": 6, 
        "nonPlatoonCarCounter": 200, 
        "nrOfNotTravelledEdges": 5, 
        "platoonCarCounter": 100, 
        "platoonSplitTime": 5.0, 
        "switchImpatienceFactor": 0.1
    }, 
    "nrOfPlatoonsFormed": 118, 
    "nrOfPlatoonsSplit": 126, 
    "overallPlatoonDuration": 6699, 
    "simTime": 2000.0, 
    "totalTrips": 641
}