{
    "std": 4.4191936498541375, 
    "parameter": "FuelConsumptions", 
    "median": 9.021201515623192, 
    "mean": 9.472488312415768
}