{
    "std": 4.413608797382824, 
    "parameter": "FuelConsumptions", 
    "median": 9.009069524874146, 
    "mean": 9.45950749830246
}