{
    "std": 1.1493885902803038, 
    "parameter": "NumberOfCarsInPlatoons", 
    "median": 4.0, 
    "mean": 3.5121748886658466
}