{
    "std": 1.147972170758996, 
    "parameter": "NumberOfCarsInPlatoons", 
    "median": 3.0, 
    "mean": 3.4886801336672835
}