{
    "std": 0.16921973234523102, 
    "parameter": "Overheads", 
    "median": 1.453858452382816, 
    "mean": 1.4740645337821179
}