{
    "std": 0.17581588583242283, 
    "parameter": "Overheads", 
    "median": 1.4494816549818828, 
    "mean": 1.4774913902437765
}