{
    "std": 422.5119717935471, 
    "parameter": "ReportedPlatoonDurationsBeforeSplit", 
    "median": 27.0, 
    "mean": 76.33148509155987
}