{
    "std": 437.8888297010715, 
    "parameter": "ReportedPlatoonDurationsBeforeSplit", 
    "median": 27.0, 
    "mean": 78.42275374773226
}