{
    "std": 12.789938063443532, 
    "parameter": "Speeds", 
    "median": 43.8427288496145, 
    "mean": 38.91656552161341
}