{
    "std": 12.807597633992728, 
    "parameter": "Speeds", 
    "median": 43.82110404177246, 
    "mean": 38.88805740872954
}