{
    "std": 39.61840620151071, 
    "parameter": "TripDurations", 
    "median": 308.0, 
    "mean": 311.6378371533494
}