{
    "std": 40.855031494747394, 
    "parameter": "TripDurations", 
    "median": 307.0, 
    "mean": 312.09451412644114
}