{
    "std": 4.430290675062101, 
    "parameter": "FuelConsumptions", 
    "median": 8.993737415597373, 
    "mean": 9.444310912185104
}