{
    "std": 4.408447737809872, 
    "parameter": "FuelConsumptions", 
    "median": 8.987622924925274, 
    "mean": 9.441594400842714
}