{
    "std": 1.145709852688969, 
    "parameter": "NumberOfCarsInPlatoons", 
    "median": 3.0, 
    "mean": 3.4911238142687635
}