{
    "std": 1.151077544957662, 
    "parameter": "NumberOfCarsInPlatoons", 
    "median": 3.0, 
    "mean": 3.4705763706573753
}