{
    "std": 0.17578868649347923, 
    "parameter": "Overheads", 
    "median": 1.4512595665535668, 
    "mean": 1.4766791386787699
}