{
    "std": 0.1659654152889695, 
    "parameter": "Overheads", 
    "median": 1.4537709306103899, 
    "mean": 1.4762359148722406
}