{
    "std": 429.61694696589063, 
    "parameter": "ReportedPlatoonDurationsBeforeSplit", 
    "median": 26.0, 
    "mean": 75.96086111907265
}