{
    "std": 444.57984054783384, 
    "parameter": "ReportedPlatoonDurationsBeforeSplit", 
    "median": 27.0, 
    "mean": 78.87047166072136
}