{
    "std": 12.8137356119919, 
    "parameter": "Speeds", 
    "median": 43.82901928227208, 
    "mean": 38.86508320951171
}