{
    "std": 12.898705074761173, 
    "parameter": "Speeds", 
    "median": 43.829953334581, 
    "mean": 38.83282566890926
}