{
    "std": 40.63813538212393, 
    "parameter": "TripDurations", 
    "median": 308.0, 
    "mean": 312.08465340261057
}