{
    "std": 39.47485743490338, 
    "parameter": "TripDurations", 
    "median": 308.0, 
    "mean": 311.95368261199695
}