{
    "std": 4.423483621205445, 
    "parameter": "FuelConsumptions", 
    "median": 8.972135125052867, 
    "mean": 9.428728587545333
}