{
    "std": 4.408787740778711, 
    "parameter": "FuelConsumptions", 
    "median": 8.913722469902275, 
    "mean": 9.375235948762962
}