{
    "std": 1.1482959270009483, 
    "parameter": "NumberOfCarsInPlatoons", 
    "median": 3.0, 
    "mean": 3.4721633860871637
}