{
    "std": 1.1475359873729263, 
    "parameter": "NumberOfCarsInPlatoons", 
    "median": 3.0, 
    "mean": 3.4885131379443037
}