{
    "std": 0.18225817304684735, 
    "parameter": "Overheads", 
    "median": 1.4626027925074716, 
    "mean": 1.4887828918581563
}