{
    "std": 0.17760089757266673, 
    "parameter": "Overheads", 
    "median": 1.4552908384244403, 
    "mean": 1.479330262963436
}