{
    "std": 432.5497528046096, 
    "parameter": "ReportedPlatoonDurationsBeforeSplit", 
    "median": 27.0, 
    "mean": 77.44317632266177
}