{
    "std": 430.9127016173841, 
    "parameter": "ReportedPlatoonDurationsBeforeSplit", 
    "median": 27.0, 
    "mean": 77.52472611691057
}