{
    "std": 12.944182196620527, 
    "parameter": "Speeds", 
    "median": 43.85108860166302, 
    "mean": 38.794685733748445
}