{
    "std": 12.890003316153669, 
    "parameter": "Speeds", 
    "median": 43.709406196786546, 
    "mean": 38.573579115274846
}