{
    "std": 42.38643032196066, 
    "parameter": "TripDurations", 
    "median": 309.0, 
    "mean": 314.19351544549403
}