{
    "std": 41.0997777435351, 
    "parameter": "TripDurations", 
    "median": 308.0, 
    "mean": 312.4625539477025
}