{
    "averages": {
        "totalCO2EmissionAverage": 9694.934787143982, 
        "totalCOEmissionAverage": 252.99660193414536, 
        "totalFuelConsumptionAverage": 4.1674262206416595, 
        "totalHCEmissionAverage": 1.404336771060377, 
        "totalNOxEmissionAverage": 4.095135051530453, 
        "totalNoiseEmissionAverage": 76.51854025095378, 
        "totalPMXEmissionAverage": 0.27281509139475957, 
        "totalSpeedAverage": 35.83397177061181, 
        "totalTripAverage": 307.56195462478155
    }, 
    "config": {
        "catchupDist": 150.0, 
        "joinDistance": 100.0, 
        "lookAheadDistance": 200.0, 
        "maxPlatoonGap": 100.0, 
        "maxVehiclesInPlatoon": 6, 
        "nonPlatoonCarCounter": 200, 
        "nrOfNotTravelledEdges": 5, 
        "platoonCarCounter": 150, 
        "platoonSplitTime": 5.0, 
        "switchImpatienceFactor": 0.1
    }, 
    "nrOfPlatoonsFormed": 134, 
    "nrOfPlatoonsSplit": 141, 
    "overallPlatoonDuration": 7471, 
    "simTime": 2000.0, 
    "totalTrips": 572
}