{
    "averages": {
        "totalCO2EmissionAverage": 10745.70125843049, 
        "totalCOEmissionAverage": 283.68470013352726, 
        "totalFuelConsumptionAverage": 4.619104189141387, 
        "totalHCEmissionAverage": 1.5728968682290765, 
        "totalNOxEmissionAverage": 4.529163479550929, 
        "totalNoiseEmissionAverage": 79.36233914640732, 
        "totalPMXEmissionAverage": 0.307252641028869, 
        "totalSpeedAverage": 41.08433426693595, 
        "totalTripAverage": 281.53262518968137
    }, 
    "config": {
        "catchupDist": 150.0, 
        "joinDistance": 100.0, 
        "lookAheadDistance": 200.0, 
        "maxPlatoonGap": 100.0, 
        "maxVehiclesInPlatoon": 6, 
        "nonPlatoonCarCounter": 200, 
        "nrOfNotTravelledEdges": 5, 
        "platoonCarCounter": 350, 
        "platoonSplitTime": 5.0, 
        "switchImpatienceFactor": 0.1
    }, 
    "nrOfPlatoonsFormed": 101, 
    "nrOfPlatoonsSplit": 69, 
    "overallPlatoonDuration": 5754, 
    "simTime": 2000.0, 
    "totalTrips": 658
}