{
    "averages": {
        "totalCO2EmissionAverage": 9973.114193592044, 
        "totalCOEmissionAverage": 259.39549057828015, 
        "totalFuelConsumptionAverage": 4.287002150581881, 
        "totalHCEmissionAverage": 1.440687187889388, 
        "totalNOxEmissionAverage": 4.216526660970516, 
        "totalNoiseEmissionAverage": 76.88698452340982, 
        "totalPMXEmissionAverage": 0.28067177910533664, 
        "totalSpeedAverage": 36.40033260764963, 
        "totalTripAverage": 307.11735537190094
    }, 
    "config": {
        "catchupDist": 150.0, 
        "joinDistance": 100.0, 
        "lookAheadDistance": 200.0, 
        "maxPlatoonGap": 100.0, 
        "maxVehiclesInPlatoon": 6, 
        "nonPlatoonCarCounter": 200, 
        "nrOfNotTravelledEdges": 5, 
        "platoonCarCounter": 500, 
        "platoonSplitTime": 5.0, 
        "switchImpatienceFactor": 0.1
    }, 
    "nrOfPlatoonsFormed": 123, 
    "nrOfPlatoonsSplit": 186, 
    "overallPlatoonDuration": 7492, 
    "simTime": 2000.0, 
    "totalTrips": 604
}