{
    "std": 4.407821314247826, 
    "parameter": "FuelConsumptions", 
    "median": 8.972956082547011, 
    "mean": 9.436198980328973
}