{
    "std": 4.4040908660759674, 
    "parameter": "FuelConsumptions", 
    "median": 9.013191082096588, 
    "mean": 9.479337266919602
}