{
    "std": 1.1498451329835984, 
    "parameter": "NumberOfCarsInPlatoons", 
    "median": 3.0, 
    "mean": 3.478505340632524
}