{
    "std": 1.148015125590085, 
    "parameter": "NumberOfCarsInPlatoons", 
    "median": 4.0, 
    "mean": 3.491633685154311
}