{
    "std": 0.17761959185994317, 
    "parameter": "Overheads", 
    "median": 1.4535732121782008, 
    "mean": 1.480183006288366
}