{
    "std": 0.17425272909152953, 
    "parameter": "Overheads", 
    "median": 1.4489530529507142, 
    "mean": 1.4713498562017604
}