{
    "std": 428.9642514295986, 
    "parameter": "ReportedPlatoonDurationsBeforeSplit", 
    "median": 26.0, 
    "mean": 77.15659178832408
}