{
    "std": 444.8030033391893, 
    "parameter": "ReportedPlatoonDurationsBeforeSplit", 
    "median": 26.0, 
    "mean": 79.45495717395795
}