{
    "std": 12.789798434563105, 
    "parameter": "Speeds", 
    "median": 43.77431514992844, 
    "mean": 38.767867895939204
}