{
    "std": 12.679090211228386, 
    "parameter": "Speeds", 
    "median": 43.84423289947212, 
    "mean": 38.98112206369042
}