{
    "std": 41.26760601748365, 
    "parameter": "TripDurations", 
    "median": 309.0, 
    "mean": 313.0935828877005
}