{
    "std": 40.69367993565544, 
    "parameter": "TripDurations", 
    "median": 307.0, 
    "mean": 311.2002785162679
}