{
    "averages": {
        "totalCO2EmissionAverage": 10925.30322296813, 
        "totalCOEmissionAverage": 285.50620610769295, 
        "totalFuelConsumptionAverage": 4.696304858297954, 
        "totalHCEmissionAverage": 1.5854043308545833, 
        "totalNOxEmissionAverage": 4.614902841829236, 
        "totalNoiseEmissionAverage": 79.21838799060917, 
        "totalPMXEmissionAverage": 0.3109460853987085, 
        "totalSpeedAverage": 40.65303186925092, 
        "totalTripAverage": 282.3429878048783
    }, 
    "config": {
        "catchupDist": 150.0, 
        "joinDistance": 100.0, 
        "lookAheadDistance": 300.0, 
        "maxPlatoonGap": 100.0, 
        "maxVehiclesInPlatoon": 6, 
        "nonPlatoonCarCounter": 200, 
        "nrOfNotTravelledEdges": 5, 
        "platoonCarCounter": 100, 
        "platoonSplitTime": 5.0, 
        "switchImpatienceFactor": 0.1
    }, 
    "nrOfPlatoonsFormed": 107, 
    "nrOfPlatoonsSplit": 77, 
    "overallPlatoonDuration": 6343, 
    "simTime": 2000.0, 
    "totalTrips": 655
}