{
    "averages": {
        "totalCO2EmissionAverage": 10463.497127776765, 
        "totalCOEmissionAverage": 273.8042715205303, 
        "totalFuelConsumptionAverage": 4.4977961669688895, 
        "totalHCEmissionAverage": 1.5199027079111094, 
        "totalNOxEmissionAverage": 4.4157696929581185, 
        "totalNoiseEmissionAverage": 78.43292432306215, 
        "totalPMXEmissionAverage": 0.29710447074494584, 
        "totalSpeedAverage": 39.28181025982418, 
        "totalTripAverage": 291.55379746835456
    }, 
    "config": {
        "catchupDist": 150.0, 
        "joinDistance": 100.0, 
        "lookAheadDistance": 400.0, 
        "maxPlatoonGap": 100.0, 
        "maxVehiclesInPlatoon": 6, 
        "nonPlatoonCarCounter": 200, 
        "nrOfNotTravelledEdges": 5, 
        "platoonCarCounter": 100, 
        "platoonSplitTime": 5.0, 
        "switchImpatienceFactor": 0.1
    }, 
    "nrOfPlatoonsFormed": 121, 
    "nrOfPlatoonsSplit": 123, 
    "overallPlatoonDuration": 6930, 
    "simTime": 2000.0, 
    "totalTrips": 631
}