{
    "averages": {
        "totalCO2EmissionAverage": 10476.785353641011, 
        "totalCOEmissionAverage": 274.97899131494444, 
        "totalFuelConsumptionAverage": 4.503508566851126, 
        "totalHCEmissionAverage": 1.5256834266491, 
        "totalNOxEmissionAverage": 4.421466183409899, 
        "totalNoiseEmissionAverage": 78.47770703414801, 
        "totalPMXEmissionAverage": 0.2978579546229535, 
        "totalSpeedAverage": 39.40500839294748, 
        "totalTripAverage": 290.29712460063877
    }, 
    "config": {
        "catchupDist": 150.0, 
        "joinDistance": 100.0, 
        "lookAheadDistance": 500.0, 
        "maxPlatoonGap": 100.0, 
        "maxVehiclesInPlatoon": 6, 
        "nonPlatoonCarCounter": 200, 
        "nrOfNotTravelledEdges": 5, 
        "platoonCarCounter": 100, 
        "platoonSplitTime": 5.0, 
        "switchImpatienceFactor": 0.1
    }, 
    "nrOfPlatoonsFormed": 117, 
    "nrOfPlatoonsSplit": 113, 
    "overallPlatoonDuration": 6586, 
    "simTime": 2000.0, 
    "totalTrips": 625
}