{
    "averages": {
        "totalCO2EmissionAverage": 9777.680484437176, 
        "totalCOEmissionAverage": 255.48689508993814, 
        "totalFuelConsumptionAverage": 4.2029950138962535, 
        "totalHCEmissionAverage": 1.4179473425834135, 
        "totalNOxEmissionAverage": 4.1289783307666745, 
        "totalNoiseEmissionAverage": 76.72708313386418, 
        "totalPMXEmissionAverage": 0.27554347220566855, 
        "totalSpeedAverage": 36.22295693464979, 
        "totalTripAverage": 308.5870307167238
    }, 
    "config": {
        "catchupDist": 150.0, 
        "joinDistance": 100.0, 
        "lookAheadDistance": 200.0, 
        "maxPlatoonGap": 100.0, 
        "maxVehiclesInPlatoon": 6, 
        "nonPlatoonCarCounter": 200, 
        "nrOfNotTravelledEdges": 5, 
        "platoonCarCounter": 100, 
        "platoonSplitTime": 5.0, 
        "switchImpatienceFactor": 0.1
    }, 
    "nrOfPlatoonsFormed": 130, 
    "nrOfPlatoonsSplit": 185, 
    "overallPlatoonDuration": 7737, 
    "simTime": 2000.0, 
    "totalTrips": 585
}