{
    "averages": {
        "totalCO2EmissionAverage": 9521.365490799413, 
        "totalCOEmissionAverage": 249.44086156996167, 
        "totalFuelConsumptionAverage": 4.092817464193525, 
        "totalHCEmissionAverage": 1.3835117780342847, 
        "totalNOxEmissionAverage": 4.021950641579823, 
        "totalNoiseEmissionAverage": 76.06555361159559, 
        "totalPMXEmissionAverage": 0.26765651200385826, 
        "totalSpeedAverage": 35.04163247425288, 
        "totalTripAverage": 316.7296360485269
    }, 
    "config": {
        "catchupDist": 150.0, 
        "joinDistance": 100.0, 
        "lookAheadDistance": 200.0, 
        "maxPlatoonGap": 150.0, 
        "maxVehiclesInPlatoon": 6, 
        "nonPlatoonCarCounter": 200, 
        "nrOfNotTravelledEdges": 5, 
        "platoonCarCounter": 100, 
        "platoonSplitTime": 5.0, 
        "switchImpatienceFactor": 0.1
    }, 
    "nrOfPlatoonsFormed": 135, 
    "nrOfPlatoonsSplit": 153, 
    "overallPlatoonDuration": 6497, 
    "simTime": 2000.0, 
    "totalTrips": 576
}