{
    "averages": {
        "totalCO2EmissionAverage": 9681.67143782511, 
        "totalCOEmissionAverage": 253.42075628856225, 
        "totalFuelConsumptionAverage": 4.161725298412451, 
        "totalHCEmissionAverage": 1.4058300048776706, 
        "totalNOxEmissionAverage": 4.0924891365482345, 
        "totalNoiseEmissionAverage": 76.30340507337823, 
        "totalPMXEmissionAverage": 0.2723735026416281, 
        "totalSpeedAverage": 35.45626084564449, 
        "totalTripAverage": 314.33506944444423
    }, 
    "config": {
        "catchupDist": 150.0, 
        "joinDistance": 100.0, 
        "lookAheadDistance": 200.0, 
        "maxPlatoonGap": 250.0, 
        "maxVehiclesInPlatoon": 6, 
        "nonPlatoonCarCounter": 200, 
        "nrOfNotTravelledEdges": 5, 
        "platoonCarCounter": 100, 
        "platoonSplitTime": 5.0, 
        "switchImpatienceFactor": 0.1
    }, 
    "nrOfPlatoonsFormed": 153, 
    "nrOfPlatoonsSplit": 299, 
    "overallPlatoonDuration": 8645, 
    "simTime": 2000.0, 
    "totalTrips": 575
}